record_id;attribute_number;object_type;raw_value;test
1;95;Nation;431
2;90;Nation;1076
3;91;Nation;201
4;92;Nation;15
5;93;Nation;199
6;94;Nation;15
7;74;Nation;1076
8;76;Nation;201
9;80;Nation;10
10;77;Nation;199
11;81;Nation;10
12;84;Nation;50
13;85;Nation;10
14;75;Nation;242
15;78;Nation;1077
16;82;Nation;10
17;79;Nation;1082
18;83;Nation;10
19;138;Nation;6
20;52;Nation;75
21;52;Nation;74
22;52;Nation;73
23;134;Nation;250
24;137;Nation;1
25;289;Nation;3
26;289;Nation;10
27;198;Nation;50
28;199;Nation;5
29;139;Nation;954
30;140;Nation;1073
31;141;Nation;1089
32;193;Nation;22
33;194;Nation;6
34;264;Nation;2
35;314;Nation;600
36;314;Nation;602
37;314;Nation;1230
38;314;Nation;1343
39;314;Nation;2783
40;95;Nation;426
41;90;Nation;671
42;91;Nation;1100
43;92;Nation;15
44;93;Nation;1103
45;94;Nation;10
46;74;Nation;671
47;76;Nation;1100
48;80;Nation;10
49;77;Nation;1101
50;81;Nation;10
51;84;Nation;1102
52;85;Nation;10
53;75;Nation;1110
54;78;Nation;1103
55;82;Nation;10
56;138;Nation;2
57;52;Nation;77
58;289;Nation;3
59;289;Nation;10
60;198;Nation;50
61;199;Nation;5
62;139;Nation;1586
63;140;Nation;1587
64;193;Nation;206
65;194;Nation;2
66;264;Nation;2
67;314;Nation;874
68;314;Nation;1343
69;314;Nation;2463
70;95;Nation;2279
71;90;Nation;1158
72;91;Nation;1162
73;92;Nation;15
74;93;Nation;1152
75;94;Nation;10
76;74;Nation;1158
77;76;Nation;1162
78;80;Nation;10
79;77;Nation;1153
80;81;Nation;10
81;75;Nation;1160
82;78;Nation;1152
83;82;Nation;10
84;298;Nation;1162
85;298;Nation;1152
86;298;Nation;1153
87;298;Nation;1155
88;299;Nation;2279
89;299;Nation;1158
90;299;Nation;1160
91;294;Nation;1162
92;294;Nation;1152
93;294;Nation;1153
94;294;Nation;1154
95;295;Nation;2279
96;295;Nation;1158
97;295;Nation;1160
98;73;Nation;1
99;289;Nation;1
100;289;Nation;2
101;289;Nation;10
102;319;Nation;25
103;138;Nation;11
104;52;Nation;82
105;52;Nation;83
106;136;Nation;25
107;139;Nation;1582
108;140;Nation;1583
109;141;Nation;1584
110;193;Nation;23
111;194;Nation;8
112;270;Nation;78
113;270;Nation;79
114;270;Nation;25
115;314;Nation;266
116;314;Nation;550
117;314;Nation;606
118;314;Nation;1230
119;314;Nation;1340
120;314;Nation;2234
121;95;Nation;1209
122;90;Nation;1215
123;91;Nation;1212
124;92;Nation;15
125;93;Nation;1213
126;94;Nation;15
127;74;Nation;1215
128;76;Nation;1211
129;80;Nation;10
130;77;Nation;1212
131;81;Nation;10
132;84;Nation;1213
133;85;Nation;10
134;75;Nation;1206
135;78;Nation;1214
136;82;Nation;10
137;133;Nation;200
138;132;Nation;1
139;138;Nation;10
140;52;Nation;91
141;289;Nation;2
142;289;Nation;10
143;198;Nation;50
144;139;Nation;1588
145;140;Nation;1843
146;141;Nation;1849
147;193;Nation;22
148;194;Nation;6
149;314;Nation;266
150;314;Nation;779
151;314;Nation;1378
152;314;Nation;2450
153;314;Nation;2784
154;95;Nation;426
155;90;Nation;1169
156;91;Nation;1184
157;92;Nation;15
158;93;Nation;1167
159;94;Nation;10
160;74;Nation;1169
161;76;Nation;1184
162;80;Nation;10
163;77;Nation;1168
164;81;Nation;10
165;75;Nation;1174
166;78;Nation;1167
167;82;Nation;10
168;132;Nation;1
169;126;Nation;1
170;138;Nation;11
171;52;Nation;84
172;52;Nation;85
173;52;Nation;125
174;52;Nation;4
175;289;Nation;3
176;289;Nation;10
177;270;Nation;42
178;139;Nation;1228
179;140;Nation;1589
180;141;Nation;1795
181;193;Nation;264
182;194;Nation;8
183;314;Nation;157
184;314;Nation;266
185;95;Nation;426
186;90;Nation;927
187;91;Nation;794
188;92;Nation;15
189;93;Nation;797
190;94;Nation;15
191;74;Nation;1665
192;76;Nation;794
193;80;Nation;10
194;77;Nation;796
195;81;Nation;10
196;84;Nation;797
197;85;Nation;10
198;75;Nation;806
199;78;Nation;795
200;82;Nation;10
201;138;Nation;15
202;52;Nation;53
203;52;Nation;54
204;289;Nation;4
205;289;Nation;10
206;319;Nation;75
207;139;Nation;942
208;140;Nation;943
209;141;Nation;944
210;193;Nation;264
211;194;Nation;8
212;314;Nation;1345
213;314;Nation;2457
214;314;Nation;2556
215;95;Nation;2288
216;90;Nation;2289
217;91;Nation;2299
218;92;Nation;15
219;93;Nation;2300
220;94;Nation;15
221;74;Nation;2290
222;76;Nation;2299
223;80;Nation;10
224;77;Nation;2298
225;81;Nation;20
226;84;Nation;2300
227;85;Nation;10
228;75;Nation;2291
229;78;Nation;2304
230;82;Nation;10
231;73;Nation;-2
232;138;Nation;16
233;52;Nation;153
234;52;Nation;154
235;289;Nation;7
236;289;Nation;10
237;270;Nation;80
238;139;Nation;952
239;140;Nation;953
240;141;Nation;946
241;142;Nation;1426
242;143;Nation;1706
243;193;Nation;23
244;194;Nation;8
245;314;Nation;216
246;314;Nation;957
247;314;Nation;1025
248;314;Nation;1346
249;314;Nation;2426
250;314;Nation;2427
251;314;Nation;2792
252;95;Nation;729
253;90;Nation;730
254;91;Nation;721
255;92;Nation;20
256;93;Nation;722
257;94;Nation;15
258;74;Nation;730
259;76;Nation;721
260;80;Nation;20
261;77;Nation;722
262;81;Nation;10
263;75;Nation;731
264;78;Nation;727
265;82;Nation;10
266;139;Nation;933
267;140;Nation;936
268;131;Nation;1
269;132;Nation;1
270;169;Nation;1
271;73;Nation;-1
272;207;Nation;1
273;319;Nation;75
274;138;Nation;14
275;52;Nation;30
276;52;Nation;31
277;52;Nation;32
278;52;Nation;33
279;289;Nation;6
280;289;Nation;10
281;193;Nation;22
282;194;Nation;6
283;270;Nation;82
284;264;Nation;0
285;314;Nation;857
286;314;Nation;2442
287;274;Nation;1
288;311;Nation;15
289;312;Nation;15
290;279;Nation;64
291;95;Nation;429
292;90;Nation;119
293;91;Nation;81
294;92;Nation;10
295;93;Nation;82
296;94;Nation;10
297;74;Nation;119
298;76;Nation;81
299;80;Nation;5
300;77;Nation;82
301;81;Nation;5
302;75;Nation;1698
303;78;Nation;82
304;82;Nation;10
305;132;Nation;1
306;73;Nation;-3
307;47;Nation;3
308;207;Nation;1
309;200;Nation;1
310;319;Nation;50
311;138;Nation;0
312;52;Nation;119
313;52;Nation;120
314;170;Nation;1
315;289;Nation;7
316;289;Nation;10
317;139;Nation;1667
318;193;Nation;206
319;194;Nation;2
320;314;Nation;216
321;314;Nation;486
322;314;Nation;655
323;314;Nation;1025
324;314;Nation;2792
325;279;Nation;4194320
326;95;Nation;484
327;90;Nation;1288
328;91;Nation;2566
329;92;Nation;15
330;93;Nation;2565
331;94;Nation;15
332;74;Nation;1288
333;76;Nation;2564
334;80;Nation;10
335;77;Nation;2565
336;81;Nation;10
337;75;Nation;2557
338;78;Nation;1278
339;82;Nation;15
340;79;Nation;419
341;83;Nation;1
342;73;Nation;2
343;46;Nation;1
344;313;Nation;2562
345;138;Nation;7
346;52;Nation;94
347;52;Nation;168
348;52;Nation;169
349;289;Nation;5
350;289;Nation;8
351;289;Nation;10
352;270;Nation;34
353;139;Nation;1674
354;140;Nation;2577
355;193;Nation;23
356;194;Nation;8
357;314;Nation;2552
358;314;Nation;2578
359;314;Nation;2785
360;279;Nation;32
361;95;Nation;162
362;90;Nation;163
363;91;Nation;167
364;92;Nation;15
365;93;Nation;166
366;94;Nation;10
367;74;Nation;163
368;76;Nation;168
369;80;Nation;10
370;77;Nation;166
371;81;Nation;20
372;75;Nation;162
373;78;Nation;171
374;82;Nation;10
375;79;Nation;166
376;83;Nation;10
377;139;Nation;379
378;140;Nation;1660
379;141;Nation;1708
380;142;Nation;635
381;73;Nation;-2
382;138;Nation;5
383;52;Nation;9
384;289;Nation;7
385;289;Nation;10
386;198;Nation;50
387;193;Nation;206
388;194;Nation;2
389;314;Nation;320
390;314;Nation;1349
391;314;Nation;2205
392;314;Nation;2445
393;314;Nation;2793
394;314;Nation;2799
395;279;Nation;128
396;95;Nation;430
397;90;Nation;1534
398;91;Nation;1532
399;92;Nation;12
400;93;Nation;228
401;94;Nation;15
402;74;Nation;1534
403;76;Nation;1532
404;80;Nation;10
405;77;Nation;228
406;81;Nation;10
407;84;Nation;239
408;85;Nation;10
409;75;Nation;231
410;78;Nation;27
411;82;Nation;5
412;79;Nation;1704
413;83;Nation;5
414;294;Nation;239
415;294;Nation;227
416;294;Nation;228
417;294;Nation;234
418;294;Nation;2156
419;294;Nation;27
420;295;Nation;430
421;295;Nation;1534
422;295;Nation;2158
423;295;Nation;231
424;139;Nation;540
425;140;Nation;614
426;141;Nation;2246
427;273;Nation;103
428;272;Nation;100
429;319;Nation;75
430;133;Nation;200
431;124;Nation;1
432;132;Nation;1
433;138;Nation;10
434;52;Nation;118
435;289;Nation;3
436;289;Nation;10
437;193;Nation;22
438;194;Nation;6
439;264;Nation;0
440;271;Nation;50
441;314;Nation;138
442;314;Nation;812
443;314;Nation;978
444;314;Nation;979
445;314;Nation;1343
446;314;Nation;2783
447;274;Nation;2
448;275;Nation;1
449;311;Nation;20
450;312;Nation;20
451;95;Nation;1466
452;90;Nation;1463
453;91;Nation;1465
454;92;Nation;15
455;93;Nation;1464
456;94;Nation;10
457;74;Nation;1463
458;76;Nation;1465
459;80;Nation;10
460;77;Nation;1464
461;81;Nation;10
462;75;Nation;1460
463;78;Nation;1453
464;82;Nation;10
465;79;Nation;1488
466;83;Nation;5
467;171;Nation;1638
468;173;Nation;1491
469;177;Nation;15
470;172;Nation;2490
471;175;Nation;1636
472;179;Nation;15
473;186;Nation;1638
474;189;Nation;1491
475;190;Nation;1636
476;191;Nation;2490
477;302;Nation;1452
478;302;Nation;1489
479;302;Nation;1465
480;302;Nation;1464
481;302;Nation;1453
482;302;Nation;1462
483;302;Nation;2492
484;303;Nation;1466
485;303;Nation;1463
486;303;Nation;2491
487;303;Nation;2493
488;138;Nation;8
489;52;Nation;109
490;52;Nation;110
491;52;Nation;112
492;52;Nation;167
493;289;Nation;10
494;198;Nation;50
495;270;Nation;81
496;139;Nation;1458
497;140;Nation;2494
498;141;Nation;2495
499;142;Nation;2496
500;143;Nation;1678
501;149;Nation;1772
502;193;Nation;471
503;194;Nation;3
504;314;Nation;1590
505;314;Nation;2502
506;314;Nation;2503
507;314;Nation;2791
508;95;Nation;1755
509;90;Nation;1750
510;91;Nation;1757
511;92;Nation;15
512;93;Nation;1758
513;94;Nation;15
514;74;Nation;1750
515;76;Nation;1749
516;80;Nation;10
517;77;Nation;1758
518;81;Nation;10
519;84;Nation;1756
520;85;Nation;5
521;75;Nation;1752
522;78;Nation;1751
523;82;Nation;10
524;138;Nation;11
525;52;Nation;133
526;52;Nation;134
527;289;Nation;2
528;289;Nation;10
529;319;Nation;50
530;193;Nation;23
531;194;Nation;6
532;270;Nation;89
533;139;Nation;1805
534;314;Nation;266
535;314;Nation;1905
536;314;Nation;2856
537;185;Nation;1
538;95;Nation;1811
539;90;Nation;1815
540;91;Nation;1814
541;92;Nation;15
542;93;Nation;1812
543;94;Nation;15
544;74;Nation;1815
545;76;Nation;1814
546;80;Nation;10
547;77;Nation;1796
548;81;Nation;10
549;75;Nation;1800
550;78;Nation;1812
551;82;Nation;20
552;138;Nation;11
553;52;Nation;136
554;52;Nation;137
555;289;Nation;2
556;289;Nation;10
557;198;Nation;75
558;270;Nation;89
559;193;Nation;23
560;194;Nation;6
561;139;Nation;1793
562;140;Nation;1794
563;141;Nation;1803
564;142;Nation;1804
565;314;Nation;1898
566;314;Nation;1899
567;314;Nation;2789
568;314;Nation;2795
569;314;Nation;2856
570;95;Nation;1512
571;90;Nation;263
572;91;Nation;1508
573;92;Nation;10
574;93;Nation;1679
575;94;Nation;15
576;74;Nation;263
577;76;Nation;1679
578;80;Nation;10
579;77;Nation;1508
580;81;Nation;5
581;75;Nation;263
582;78;Nation;1509
583;82;Nation;10
584;139;Nation;590
585;140;Nation;1511
586;132;Nation;1
587;73;Nation;1
588;261;Nation;1
589;319;Nation;50
590;138;Nation;11
591;52;Nation;114
592;52;Nation;115
593;289;Nation;1
594;289;Nation;10
595;193;Nation;23
596;194;Nation;6
597;314;Nation;501
598;314;Nation;1098
599;314;Nation;2206
600;95;Nation;1512
601;90;Nation;1502
602;91;Nation;1508
603;92;Nation;10
604;93;Nation;1679
605;94;Nation;15
606;74;Nation;1505
607;76;Nation;1679
608;80;Nation;10
609;77;Nation;1508
610;81;Nation;5
611;75;Nation;1502
612;78;Nation;1509
613;82;Nation;10
614;139;Nation;2473
615;132;Nation;1
616;73;Nation;1
617;319;Nation;50
618;138;Nation;11
619;52;Nation;59
620;52;Nation;113
621;289;Nation;1
622;289;Nation;10
623;193;Nation;23
624;194;Nation;6
625;314;Nation;501
626;314;Nation;2789
627;314;Nation;2801
628;314;Nation;2802
629;95;Nation;786
630;90;Nation;1301
631;91;Nation;1303
632;92;Nation;5
633;93;Nation;1304
634;94;Nation;5
635;74;Nation;1301
636;76;Nation;1302
637;80;Nation;10
638;75;Nation;1299
639;78;Nation;1303
640;82;Nation;5
641;79;Nation;1304
642;83;Nation;5
643;139;Nation;1382
644;140;Nation;586
645;138;Nation;11
646;52;Nation;46
647;73;Nation;3
648;46;Nation;3
649;207;Nation;1
650;289;Nation;1
651;289;Nation;10
652;319;Nation;50
653;270;Nation;61
654;193;Nation;471
655;194;Nation;3
656;271;Nation;25
657;314;Nation;265
658;314;Nation;605
659;314;Nation;643
660;314;Nation;644
661;314;Nation;645
662;314;Nation;1229
663;314;Nation;2801
664;279;Nation;128
665;95;Nation;1119
666;90;Nation;1334
667;91;Nation;1120
668;92;Nation;20
669;93;Nation;1122
670;94;Nation;15
671;74;Nation;1127
672;76;Nation;1118
673;80;Nation;20
674;77;Nation;1122
675;81;Nation;10
676;84;Nation;1121
677;85;Nation;10
678;75;Nation;1334
679;78;Nation;1333
680;82;Nation;10
681;79;Nation;1130
682;83;Nation;5
683;294;Nation;1118
684;294;Nation;1120
685;294;Nation;1121
686;294;Nation;1122
687;295;Nation;1127
688;73;Nation;-2
689;319;Nation;75
690;138;Nation;7
691;52;Nation;98
692;52;Nation;99
693;289;Nation;8
694;289;Nation;10
695;139;Nation;1585
696;270;Nation;77
697;193;Nation;24
698;194;Nation;4
699;195;Nation;23
700;196;Nation;4
701;314;Nation;1344
702;314;Nation;2202
703;314;Nation;2466
704;314;Nation;2549
705;95;Nation;1119
706;90;Nation;1334
707;91;Nation;1120
708;92;Nation;20
709;93;Nation;1122
710;94;Nation;15
711;74;Nation;1761
712;76;Nation;1118
713;80;Nation;20
714;77;Nation;1125
715;81;Nation;10
716;84;Nation;1121
717;85;Nation;10
718;75;Nation;1760
719;78;Nation;1762
720;82;Nation;10
721;79;Nation;1130
722;83;Nation;5
723;294;Nation;1118
724;294;Nation;1120
725;294;Nation;1121
726;294;Nation;1122
727;295;Nation;1127
728;73;Nation;-2
729;210;Nation;1
730;319;Nation;50
731;138;Nation;7
732;52;Nation;131
733;52;Nation;132
734;289;Nation;8
735;289;Nation;10
736;122;Nation;1
737;207;Nation;1
738;310;Nation;1
739;139;Nation;1914
740;270;Nation;77
741;272;Nation;100
742;193;Nation;24
743;194;Nation;4
744;195;Nation;23
745;196;Nation;4
746;314;Nation;1096
747;314;Nation;1341
748;314;Nation;2550
749;95;Nation;1313
750;90;Nation;1313
751;91;Nation;1311
752;92;Nation;15
753;93;Nation;1312
754;94;Nation;10
755;74;Nation;1609
756;76;Nation;1311
757;80;Nation;10
758;77;Nation;1260
759;81;Nation;10
760;75;Nation;1276
761;78;Nation;1312
762;82;Nation;10
763;79;Nation;1264
764;83;Nation;5
765;298;Nation;1393
766;298;Nation;1394
767;298;Nation;1395
768;299;Nation;2467
769;311;Nation;15
770;312;Nation;15
771;138;Nation;15
772;52;Nation;95
773;289;Nation;4
774;289;Nation;10
775;139;Nation;1671
776;140;Nation;1672
777;141;Nation;1673
778;270;Nation;88
779;272;Nation;100
780;193;Nation;23
781;194;Nation;8
782;264;Nation;0
783;314;Nation;2203
784;279;Nation;64
785;95;Nation;2024
786;90;Nation;2023
787;91;Nation;2021
788;92;Nation;6
789;93;Nation;2022
790;94;Nation;6
791;74;Nation;2023
792;76;Nation;2021
793;80;Nation;5
794;77;Nation;2022
795;81;Nation;3
796;75;Nation;2033
797;78;Nation;2059
798;82;Nation;5
799;139;Nation;2076
800;140;Nation;2077
801;141;Nation;2078
802;142;Nation;2079
803;143;Nation;2080
804;144;Nation;2081
805;73;Nation;-2
806;132;Nation;1
807;207;Nation;1
808;319;Nation;75
809;138;Nation;11
810;52;Nation;147
811;52;Nation;146
812;289;Nation;5
813;289;Nation;10
814;193;Nation;22
815;194;Nation;6
816;264;Nation;2
817;265;Nation;50
818;271;Nation;25
819;314;Nation;120
820;314;Nation;216
821;314;Nation;1025
822;314;Nation;2082
823;314;Nation;2462
824;95;Nation;2161
825;90;Nation;2177
826;91;Nation;2172
827;92;Nation;15
828;74;Nation;2177
829;76;Nation;2172
830;80;Nation;10
831;77;Nation;2174
832;81;Nation;5
833;75;Nation;2268
834;78;Nation;2175
835;82;Nation;5
836;296;Nation;2168
837;296;Nation;2183
838;297;Nation;2169
839;297;Nation;2170
840;297;Nation;2171
841;139;Nation;2432
842;140;Nation;2433
843;73;Nation;-1
844;268;Nation;1
845;289;Nation;5
846;289;Nation;10
847;138;Nation;0
848;52;Nation;149
849;52;Nation;150
850;52;Nation;151
851;193;Nation;22
852;194;Nation;6
853;264;Nation;2
854;265;Nation;50
855;314;Nation;606
856;314;Nation;661
857;314;Nation;1372
858;314;Nation;1373
859;314;Nation;2137
860;314;Nation;2435
861;314;Nation;2437
862;185;Nation;1
863;158;Nation;2263
864;159;Nation;2264
865;261;Nation;1
866;95;Nation;2252
867;90;Nation;2253
868;91;Nation;2255
869;92;Nation;15
870;93;Nation;2257
871;94;Nation;10
872;74;Nation;2253
873;76;Nation;2254
874;80;Nation;10
875;77;Nation;2255
876;81;Nation;10
877;84;Nation;2256
878;85;Nation;10
879;75;Nation;2265
880;78;Nation;2258
881;82;Nation;10
882;139;Nation;2429
883;140;Nation;2430
884;141;Nation;2876
885;73;Nation;-1
886;267;Nation;10
887;158;Nation;2264
888;138;Nation;0
889;52;Nation;152
890;132;Nation;1
891;207;Nation;1
892;289;Nation;3
893;289;Nation;7
894;289;Nation;5
895;289;Nation;10
896;193;Nation;23
897;194;Nation;8
898;264;Nation;2
899;314;Nation;120
900;314;Nation;2315
901;314;Nation;2462
902;314;Nation;2792
903;314;Nation;2881
904;274;Nation;1
905;311;Nation;15
906;312;Nation;15
907;279;Nation;4224
908;95;Nation;2691
909;90;Nation;2674
910;91;Nation;2668
911;92;Nation;20
912;93;Nation;2669
913;94;Nation;20
914;74;Nation;2674
915;76;Nation;2668
916;80;Nation;20
917;77;Nation;2670
918;81;Nation;15
919;75;Nation;2677
920;78;Nation;2671
921;82;Nation;20
922;294;Nation;2668
923;294;Nation;2669
924;295;Nation;2674
925;302;Nation;2668
926;302;Nation;2669
927;303;Nation;2674
928;303;Nation;2678
929;139;Nation;2692
930;140;Nation;2757
931;141;Nation;2758
932;142;Nation;2759
933;143;Nation;2760
934;144;Nation;2761
935;145;Nation;2762
936;132;Nation;1
937;73;Nation;-1
938;207;Nation;1
939;138;Nation;14
940;52;Nation;174
941;52;Nation;175
942;289;Nation;6
943;289;Nation;10
944;193;Nation;633
945;194;Nation;8
946;270;Nation;93
947;264;Nation;1
948;314;Nation;604
949;314;Nation;2755
950;314;Nation;2756
951;95;Nation;431
952;90;Nation;46
953;91;Nation;201
954;92;Nation;15
955;93;Nation;199
956;94;Nation;15
957;74;Nation;46
958;76;Nation;201
959;80;Nation;10
960;77;Nation;199
961;81;Nation;10
962;84;Nation;50
963;85;Nation;10
964;75;Nation;242
965;78;Nation;14
966;82;Nation;10
967;138;Nation;6
968;52;Nation;10
969;134;Nation;250
970;137;Nation;1
971;289;Nation;3
972;289;Nation;10
973;198;Nation;50
974;139;Nation;371
975;140;Nation;587
976;141;Nation;954
977;142;Nation;2872
978;193;Nation;22
979;194;Nation;6
980;314;Nation;158
981;314;Nation;600
982;314;Nation;602
983;314;Nation;1230
984;314;Nation;1343
985;95;Nation;254
986;90;Nation;260
987;91;Nation;186
988;92;Nation;15
989;93;Nation;187
990;94;Nation;15
991;74;Nation;190
992;76;Nation;186
993;80;Nation;20
994;77;Nation;187
995;81;Nation;20
996;75;Nation;260
997;78;Nation;189
998;82;Nation;20
999;35;Nation;50
1000;324;Nation;-3
1001;36;Nation;1
1002;122;Nation;1
1003;126;Nation;1
1004;127;Nation;1
1005;290;Nation;1
1006;138;Nation;8
1007;321;Nation;75
1008;289;Nation;3
1009;289;Nation;7
1010;289;Nation;10
1011;210;Nation;1
1012;205;Nation;1
1013;100;Nation;23
1014;156;Nation;1
1015;269;Nation;1
1016;288;Nation;100
1017;139;Nation;183
1018;140;Nation;555
1019;141;Nation;537
1020;142;Nation;2068
1021;193;Nation;206
1022;194;Nation;2
1023;271;Nation;100
1024;320;Nation;5
1025;314;Nation;2850
1026;95;Nation;426
1027;90;Nation;671
1028;91;Nation;662
1029;92;Nation;15
1030;93;Nation;663
1031;94;Nation;15
1032;74;Nation;671
1033;76;Nation;662
1034;80;Nation;10
1035;77;Nation;663
1036;81;Nation;10
1037;84;Nation;50
1038;85;Nation;10
1039;75;Nation;669
1040;78;Nation;664
1041;82;Nation;10
1042;138;Nation;2
1043;52;Nation;55
1044;52;Nation;64
1045;52;Nation;148
1046;289;Nation;3
1047;289;Nation;10
1048;198;Nation;75
1049;139;Nation;868
1050;140;Nation;977
1051;122;Nation;1
1052;126;Nation;1
1053;210;Nation;1
1054;193;Nation;206
1055;194;Nation;2
1056;314;Nation;383
1057;314;Nation;874
1058;314;Nation;2850
1059;95;Nation;426
1060;90;Nation;683
1061;91;Nation;684
1062;92;Nation;15
1063;93;Nation;685
1064;94;Nation;15
1065;74;Nation;683
1066;76;Nation;684
1067;80;Nation;10
1068;77;Nation;685
1069;81;Nation;10
1070;84;Nation;50
1071;85;Nation;10
1072;75;Nation;52
1073;78;Nation;686
1074;82;Nation;10
1075;138;Nation;2
1076;52;Nation;3
1077;52;Nation;4
1078;289;Nation;3
1079;289;Nation;7
1080;289;Nation;10
1081;198;Nation;75
1082;139;Nation;584
1083;140;Nation;505
1084;141;Nation;506
1085;149;Nation;37
1086;193;Nation;206
1087;194;Nation;2
1088;314;Nation;158
1089;314;Nation;874
1090;95;Nation;56
1091;90;Nation;54
1092;91;Nation;61
1093;92;Nation;10
1094;93;Nation;59
1095;94;Nation;10
1096;74;Nation;54
1097;76;Nation;61
1098;80;Nation;10
1099;77;Nation;31
1100;81;Nation;10
1101;84;Nation;50
1102;85;Nation;10
1103;75;Nation;658
1104;78;Nation;59
1105;82;Nation;10
1106;79;Nation;63
1107;83;Nation;10
1108;133;Nation;200
1109;138;Nation;3
1110;52;Nation;5
1111;52;Nation;6
1112;289;Nation;2
1113;289;Nation;10
1114;139;Nation;376
1115;140;Nation;381
1116;141;Nation;582
1117;142;Nation;2481
1118;149;Nation;58
1119;193;Nation;24
1120;194;Nation;8
1121;314;Nation;266
1122;95;Nation;1789
1123;90;Nation;1783
1124;91;Nation;1779
1125;92;Nation;15
1126;93;Nation;1781
1127;94;Nation;15
1128;74;Nation;1783
1129;76;Nation;1779
1130;80;Nation;20
1131;77;Nation;1782
1132;81;Nation;10
1133;75;Nation;850
1134;78;Nation;1781
1135;82;Nation;10
1136;79;Nation;1787
1137;83;Nation;10
1138;138;Nation;11
1139;52;Nation;135
1140;289;Nation;2
1141;289;Nation;10
1142;133;Nation;200
1143;319;Nation;50
1144;193;Nation;22
1145;194;Nation;6
1146;270;Nation;89
1147;139;Nation;1777
1148;140;Nation;1778
1149;141;Nation;1794
1150;142;Nation;1844
1151;149;Nation;1806
1152;314;Nation;266
1153;95;Nation;1591
1154;90;Nation;114
1155;91;Nation;67
1156;92;Nation;8
1157;93;Nation;79
1158;94;Nation;8
1159;74;Nation;114
1160;76;Nation;67
1161;80;Nation;5
1162;77;Nation;417
1163;81;Nation;10
1164;75;Nation;1974
1165;78;Nation;79
1166;82;Nation;10
1167;136;Nation;25
1168;138;Nation;4
1169;52;Nation;7
1170;52;Nation;8
1171;289;Nation;1
1172;289;Nation;2
1173;289;Nation;10
1174;198;Nation;50
1175;139;Nation;507
1176;140;Nation;377
1177;141;Nation;378
1178;193;Nation;26
1179;194;Nation;4
1180;264;Nation;3
1181;314;Nation;550
1182;314;Nation;1230
1183;314;Nation;1340
1184;95;Nation;2107
1185;90;Nation;148
1186;91;Nation;221
1187;92;Nation;10
1188;93;Nation;218
1189;94;Nation;10
1190;74;Nation;148
1191;76;Nation;221
1192;80;Nation;10
1193;77;Nation;218
1194;81;Nation;10
1195;75;Nation;440
1196;78;Nation;220
1197;82;Nation;10
1198;79;Nation;219
1199;83;Nation;10
1200;41;Nation;1
1201;319;Nation;75
1202;138;Nation;9
1203;52;Nation;13
1204;289;Nation;2
1205;289;Nation;3
1206;289;Nation;10
1207;139;Nation;583
1208;140;Nation;588
1209;141;Nation;589
1210;142;Nation;2235
1211;193;Nation;25
1212;194;Nation;6
1213;314;Nation;215
1214;314;Nation;216
1215;314;Nation;697
1216;95;Nation;729
1217;90;Nation;730
1218;91;Nation;721
1219;92;Nation;20
1220;93;Nation;1545
1221;94;Nation;15
1222;74;Nation;730
1223;76;Nation;721
1224;80;Nation;20
1225;77;Nation;722
1226;81;Nation;10
1227;75;Nation;1189
1228;78;Nation;726
1229;82;Nation;10
1230;79;Nation;1547
1231;83;Nation;10
1232;139;Nation;933
1233;140;Nation;1884
1234;141;Nation;1886
1235;73;Nation;-1
1236;319;Nation;75
1237;138;Nation;14
1238;52;Nation;89
1239;52;Nation;90
1240;52;Nation;88
1241;52;Nation;87
1242;289;Nation;6
1243;289;Nation;10
1244;193;Nation;22
1245;194;Nation;6
1246;270;Nation;82
1247;264;Nation;1
1248;314;Nation;1897
1249;314;Nation;2443
1250;95;Nation;813
1251;90;Nation;792
1252;91;Nation;794
1253;92;Nation;15
1254;93;Nation;797
1255;94;Nation;15
1256;74;Nation;805
1257;76;Nation;794
1258;80;Nation;10
1259;77;Nation;796
1260;81;Nation;10
1261;84;Nation;797
1262;85;Nation;10
1263;75;Nation;807
1264;78;Nation;1900
1265;82;Nation;10
1266;138;Nation;15
1267;52;Nation;50
1268;52;Nation;51
1269;289;Nation;4
1270;289;Nation;10
1271;139;Nation;942
1272;140;Nation;943
1273;141;Nation;944
1274;193;Nation;25
1275;194;Nation;6
1276;220;Nation;794
1277;221;Nation;6
1278;222;Nation;801
1279;223;Nation;5
1280;314;Nation;905
1281;314;Nation;1345
1282;314;Nation;2457
1283;314;Nation;2556
1284;95;Nation;2288
1285;90;Nation;881
1286;91;Nation;879
1287;92;Nation;15
1288;93;Nation;880
1289;94;Nation;15
1290;74;Nation;881
1291;76;Nation;878
1292;80;Nation;30
1293;77;Nation;880
1294;81;Nation;10
1295;75;Nation;883
1296;78;Nation;882
1297;82;Nation;10
1298;73;Nation;-2
1299;138;Nation;16
1300;52;Nation;60
1301;52;Nation;61
1302;289;Nation;7
1303;289;Nation;10
1304;198;Nation;50
1305;139;Nation;952
1306;140;Nation;953
1307;141;Nation;946
1308;142;Nation;1426
1309;143;Nation;1706
1310;193;Nation;23
1311;194;Nation;8
1312;314;Nation;216
1313;314;Nation;957
1314;314;Nation;1025
1315;314;Nation;1346
1316;314;Nation;2207
1317;314;Nation;2792
1318;314;Nation;2793
1319;274;Nation;2
1320;275;Nation;1
1321;311;Nation;15
1322;312;Nation;15
1323;95;Nation;1448
1324;90;Nation;1445
1325;91;Nation;1447
1326;92;Nation;15
1327;93;Nation;1355
1328;94;Nation;10
1329;74;Nation;1445
1330;76;Nation;1447
1331;80;Nation;10
1332;77;Nation;1355
1333;81;Nation;10
1334;75;Nation;1475
1335;78;Nation;1472
1336;82;Nation;10
1337;79;Nation;1497
1338;83;Nation;5
1339;171;Nation;1638
1340;173;Nation;1489
1341;177;Nation;15
1342;172;Nation;1638
1343;175;Nation;1489
1344;179;Nation;15
1345;186;Nation;1638
1346;189;Nation;1489
1347;190;Nation;1636
1348;302;Nation;1489
1349;302;Nation;1472
1350;303;Nation;1471
1351;138;Nation;8
1352;52;Nation;110
1353;52;Nation;111
1354;52;Nation;166
1355;289;Nation;10
1356;198;Nation;50
1357;270;Nation;81
1358;43;Nation;10
1359;139;Nation;1846
1360;140;Nation;1847
1361;141;Nation;1848
1362;193;Nation;22
1363;194;Nation;6
1364;314;Nation;1590
1365;314;Nation;2503
1366;314;Nation;2791
1367;274;Nation;1
1368;311;Nation;15
1369;312;Nation;15
1370;279;Nation;64
1371;95;Nation;429
1372;90;Nation;119
1373;91;Nation;81
1374;92;Nation;15
1375;93;Nation;82
1376;94;Nation;15
1377;74;Nation;119
1378;76;Nation;372
1379;80;Nation;10
1380;77;Nation;983
1381;81;Nation;10
1382;75;Nation;85
1383;78;Nation;81
1384;82;Nation;10
1385;132;Nation;1
1386;73;Nation;-3
1387;47;Nation;2
1388;207;Nation;1
1389;200;Nation;1
1390;138;Nation;0
1391;52;Nation;1
1392;52;Nation;121
1393;170;Nation;1
1394;289;Nation;7
1395;289;Nation;10
1396;139;Nation;581
1397;140;Nation;867
1398;141;Nation;539
1399;193;Nation;206
1400;194;Nation;2
1401;314;Nation;120
1402;314;Nation;216
1403;314;Nation;486
1404;314;Nation;1025
1405;314;Nation;2792
1406;279;Nation;4194320
1407;95;Nation;484
1408;90;Nation;418
1409;91;Nation;129
1410;92;Nation;15
1411;93;Nation;128
1412;94;Nation;15
1413;74;Nation;418
1414;76;Nation;129
1415;80;Nation;10
1416;77;Nation;128
1417;81;Nation;10
1418;75;Nation;204
1419;78;Nation;420
1420;82;Nation;10
1421;79;Nation;128
1422;83;Nation;10
1423;139;Nation;556
1424;140;Nation;557
1425;73;Nation;3
1426;46;Nation;2
1427;313;Nation;2562
1428;138;Nation;7
1429;52;Nation;11
1430;52;Nation;18
1431;289;Nation;8
1432;289;Nation;5
1433;289;Nation;10
1434;193;Nation;23
1435;194;Nation;8
1436;314;Nation;265
1437;314;Nation;509
1438;314;Nation;2552
1439;314;Nation;2578
1440;279;Nation;32
1441;95;Nation;502
1442;90;Nation;163
1443;91;Nation;167
1444;92;Nation;15
1445;93;Nation;166
1446;94;Nation;10
1447;74;Nation;163
1448;76;Nation;168
1449;80;Nation;10
1450;77;Nation;166
1451;81;Nation;20
1452;75;Nation;162
1453;78;Nation;171
1454;82;Nation;10
1455;79;Nation;166
1456;83;Nation;10
1457;139;Nation;379
1458;140;Nation;585
1459;141;Nation;635
1460;142;Nation;2272
1461;143;Nation;2394
1462;59;Nation;1
1463;73;Nation;-2
1464;138;Nation;5
1465;52;Nation;62
1466;52;Nation;12
1467;289;Nation;7
1468;289;Nation;10
1469;198;Nation;75
1470;193;Nation;206
1471;194;Nation;1
1472;195;Nation;167
1473;196;Nation;1
1474;314;Nation;266
1475;314;Nation;320
1476;314;Nation;1349
1477;314;Nation;2445
1478;314;Nation;2793
1479;314;Nation;2799
1480;279;Nation;128
1481;95;Nation;430
1482;90;Nation;232
1483;91;Nation;229
1484;92;Nation;15
1485;93;Nation;228
1486;94;Nation;15
1487;74;Nation;232
1488;76;Nation;229
1489;80;Nation;10
1490;77;Nation;228
1491;81;Nation;10
1492;84;Nation;239
1493;85;Nation;10
1494;75;Nation;231
1495;78;Nation;27
1496;82;Nation;5
1497;79;Nation;707
1498;83;Nation;5
1499;294;Nation;239
1500;294;Nation;227
1501;294;Nation;228
1502;294;Nation;229
1503;294;Nation;234
1504;294;Nation;2156
1505;294;Nation;27
1506;295;Nation;430
1507;295;Nation;2118
1508;295;Nation;2158
1509;295;Nation;231
1510;139;Nation;540
1511;140;Nation;770
1512;141;Nation;614
1513;142;Nation;611
1514;133;Nation;200
1515;124;Nation;1
1516;319;Nation;50
1517;138;Nation;10
1518;52;Nation;14
1519;52;Nation;19
1520;289;Nation;3
1521;289;Nation;10
1522;193;Nation;22
1523;194;Nation;6
1524;264;Nation;1
1525;271;Nation;25
1526;314;Nation;138
1527;314;Nation;812
1528;314;Nation;978
1529;314;Nation;979
1530;314;Nation;1343
1531;314;Nation;2783
1532;279;Nation;128
1533;95;Nation;1534
1534;90;Nation;714
1535;91;Nation;227
1536;92;Nation;15
1537;93;Nation;228
1538;94;Nation;15
1539;74;Nation;2311
1540;76;Nation;227
1541;80;Nation;10
1542;77;Nation;228
1543;81;Nation;10
1544;84;Nation;239
1545;85;Nation;10
1546;75;Nation;1534
1547;78;Nation;27
1548;82;Nation;5
1549;79;Nation;228
1550;83;Nation;10
1551;294;Nation;239
1552;294;Nation;227
1553;294;Nation;228
1554;294;Nation;234
1555;294;Nation;2156
1556;294;Nation;27
1557;295;Nation;430
1558;295;Nation;1534
1559;295;Nation;2311
1560;295;Nation;2312
1561;69;Nation;1
1562;100;Nation;79
1563;35;Nation;10
1564;124;Nation;1
1565;319;Nation;50
1566;133;Nation;200
1567;138;Nation;9
1568;289;Nation;3
1569;289;Nation;10
1570;273;Nation;103
1571;139;Nation;861
1572;140;Nation;863
1573;264;Nation;0
1574;271;Nation;50
1575;314;Nation;1026
1576;95;Nation;426
1577;90;Nation;422
1578;91;Nation;142
1579;92;Nation;10
1580;93;Nation;143
1581;94;Nation;10
1582;74;Nation;422
1583;76;Nation;142
1584;80;Nation;15
1585;77;Nation;143
1586;81;Nation;10
1587;75;Nation;263
1588;78;Nation;144
1589;82;Nation;15
1590;139;Nation;544
1591;140;Nation;590
1592;132;Nation;1
1593;73;Nation;1
1594;261;Nation;1
1595;319;Nation;50
1596;138;Nation;11
1597;52;Nation;35
1598;52;Nation;15
1599;289;Nation;1
1600;289;Nation;10
1601;193;Nation;23
1602;194;Nation;6
1603;314;Nation;501
1604;314;Nation;1098
1605;314;Nation;2206
1606;95;Nation;786
1607;90;Nation;437
1608;91;Nation;276
1609;92;Nation;5
1610;93;Nation;278
1611;94;Nation;5
1612;74;Nation;437
1613;76;Nation;277
1614;80;Nation;10
1615;75;Nation;274
1616;78;Nation;276
1617;82;Nation;10
1618;294;Nation;541
1619;294;Nation;282
1620;294;Nation;1085
1621;295;Nation;283
1622;295;Nation;913
1623;139;Nation;1382
1624;140;Nation;586
1625;141;Nation;508
1626;138;Nation;11
1627;52;Nation;16
1628;73;Nation;2
1629;46;Nation;1
1630;207;Nation;1
1631;289;Nation;1
1632;289;Nation;10
1633;198;Nation;50
1634;270;Nation;66
1635;193;Nation;23
1636;194;Nation;16
1637;314;Nation;265
1638;314;Nation;500
1639;314;Nation;643
1640;314;Nation;644
1641;314;Nation;645
1642;314;Nation;1229
1643;314;Nation;2801
1644;95;Nation;2353
1645;90;Nation;2354
1646;91;Nation;2344
1647;92;Nation;10
1648;93;Nation;2343
1649;94;Nation;10
1650;74;Nation;2354
1651;76;Nation;2344
1652;80;Nation;15
1653;77;Nation;2343
1654;81;Nation;10
1655;75;Nation;2356
1656;78;Nation;2346
1657;82;Nation;15
1658;295;Nation;1939
1659;295;Nation;1938
1660;132;Nation;1
1661;73;Nation;2
1662;319;Nation;25
1663;138;Nation;11
1664;52;Nation;155
1665;52;Nation;156
1666;289;Nation;1
1667;289;Nation;10
1668;193;Nation;23
1669;194;Nation;6
1670;314;Nation;1561
1671;279;Nation;128
1672;95;Nation;1119
1673;90;Nation;1135
1674;91;Nation;1120
1675;92;Nation;20
1676;93;Nation;1122
1677;94;Nation;15
1678;74;Nation;1127
1679;76;Nation;1118
1680;80;Nation;20
1681;77;Nation;1122
1682;81;Nation;10
1683;84;Nation;1121
1684;85;Nation;10
1685;75;Nation;1135
1686;78;Nation;1133
1687;82;Nation;10
1688;294;Nation;1118
1689;294;Nation;1120
1690;294;Nation;1121
1691;294;Nation;1122
1692;295;Nation;1127
1693;139;Nation;2270
1694;73;Nation;-2
1695;138;Nation;16
1696;52;Nation;78
1697;289;Nation;8
1698;289;Nation;10
1699;198;Nation;75
1700;319;Nation;25
1701;270;Nation;77
1702;193;Nation;23
1703;194;Nation;6
1704;195;Nation;24
1705;196;Nation;6
1706;314;Nation;1344
1707;314;Nation;2202
1708;314;Nation;2466
1709;314;Nation;2549
1710;275;Nation;1
1711;95;Nation;1963
1712;90;Nation;1398
1713;91;Nation;1393
1714;92;Nation;15
1715;93;Nation;1395
1716;94;Nation;10
1717;74;Nation;1398
1718;76;Nation;1393
1719;80;Nation;10
1720;77;Nation;1390
1721;81;Nation;10
1722;84;Nation;1395
1723;85;Nation;10
1724;75;Nation;1398
1725;78;Nation;1399
1726;82;Nation;10
1727;186;Nation;1531
1728;189;Nation;1550
1729;298;Nation;1393
1730;298;Nation;1394
1731;298;Nation;1395
1732;299;Nation;1963
1733;299;Nation;2467
1734;299;Nation;1608
1735;311;Nation;15
1736;312;Nation;15
1737;138;Nation;15
1738;52;Nation;106
1739;289;Nation;4
1740;289;Nation;10
1741;198;Nation;50
1742;270;Nation;85
1743;270;Nation;86
1744;270;Nation;87
1745;139;Nation;1670
1746;193;Nation;23
1747;194;Nation;6
1748;193;Nation;24
1749;194;Nation;2
1750;264;Nation;1
1751;314;Nation;1428
1752;95;Nation;2010
1753;90;Nation;2009
1754;91;Nation;2005
1755;92;Nation;10
1756;93;Nation;2007
1757;94;Nation;5
1758;74;Nation;2009
1759;76;Nation;2005
1760;80;Nation;4
1761;77;Nation;2007
1762;81;Nation;3
1763;75;Nation;2009
1764;78;Nation;2061
1765;82;Nation;5
1766;139;Nation;2047
1767;140;Nation;2048
1768;141;Nation;2049
1769;73;Nation;-2
1770;319;Nation;75
1771;138;Nation;11
1772;52;Nation;144
1773;52;Nation;145
1774;289;Nation;5
1775;289;Nation;10
1776;193;Nation;22
1777;194;Nation;6
1778;314;Nation;1025
1779;314;Nation;2082
1780;279;Nation;4194320
1781;280;Nation;64
1782;95;Nation;2666
1783;90;Nation;2647
1784;91;Nation;2646
1785;92;Nation;15
1786;93;Nation;2652
1787;94;Nation;15
1788;74;Nation;2647
1789;76;Nation;2646
1790;80;Nation;10
1791;77;Nation;2652
1792;81;Nation;10
1793;84;Nation;2648
1794;85;Nation;10
1795;75;Nation;2660
1796;78;Nation;2709
1797;82;Nation;20
1798;79;Nation;2701
1799;83;Nation;10
1800;298;Nation;2643
1801;298;Nation;2644
1802;298;Nation;2645
1803;298;Nation;2646
1804;299;Nation;2647
1805;299;Nation;2664
1806;299;Nation;2665
1807;138;Nation;14
1808;52;Nation;172
1809;52;Nation;173
1810;289;Nation;10
1811;73;Nation;1
1812;270;Nation;34
1813;139;Nation;2712
1814;140;Nation;2713
1815;210;Nation;1
1816;128;Nation;1
1817;319;Nation;25
1818;193;Nation;23
1819;194;Nation;8
1820;264;Nation;1
1821;314;Nation;2685
1822;314;Nation;2686
1823;314;Nation;2693
1824;314;Nation;2695
1825;314;Nation;2696
1826;314;Nation;2698
1827;314;Nation;2699
1828;314;Nation;2737
1829;275;Nation;1
1830;274;Nation;1
1831;311;Nation;10
1832;312;Nation;10
1833;279;Nation;4224
1834;95;Nation;2732
1835;90;Nation;2715
1836;91;Nation;2722
1837;92;Nation;10
1838;93;Nation;2724
1839;94;Nation;10
1840;74;Nation;2715
1841;76;Nation;2723
1842;80;Nation;10
1843;77;Nation;2726
1844;81;Nation;10
1845;75;Nation;2733
1846;78;Nation;2734
1847;82;Nation;20
1848;171;Nation;2715
1849;173;Nation;2887
1850;177;Nation;10
1851;174;Nation;2888
1852;178;Nation;5
1853;172;Nation;2717
1854;175;Nation;2888
1855;179;Nation;10
1856;294;Nation;2727
1857;294;Nation;2734
1858;294;Nation;2735
1859;295;Nation;2720
1860;295;Nation;2728
1861;295;Nation;2733
1862;295;Nation;2682
1863;302;Nation;2734
1864;302;Nation;2735
1865;303;Nation;2733
1866;303;Nation;2719
1867;186;Nation;2715
1868;187;Nation;2717
1869;188;Nation;2716
1870;189;Nation;2887
1871;190;Nation;2888
1872;73;Nation;-1
1873;207;Nation;1
1874;319;Nation;25
1875;138;Nation;14
1876;52;Nation;177
1877;52;Nation;178
1878;52;Nation;179
1879;289;Nation;6
1880;289;Nation;10
1881;193;Nation;633
1882;194;Nation;8
1883;270;Nation;93
1884;264;Nation;1
1885;314;Nation;603
1886;314;Nation;604
1887;314;Nation;2755
1888;314;Nation;2756
1889;95;Nation;431
1890;90;Nation;1552
1891;91;Nation;201
1892;92;Nation;15
1893;93;Nation;1551
1894;94;Nation;10
1895;74;Nation;1552
1896;76;Nation;201
1897;80;Nation;10
1898;77;Nation;1551
1899;81;Nation;10
1900;84;Nation;50
1901;85;Nation;10
1902;75;Nation;242
1903;78;Nation;14
1904;82;Nation;10
1905;138;Nation;6
1906;52;Nation;122
1907;52;Nation;123
1908;52;Nation;124
1909;134;Nation;250
1910;137;Nation;1
1911;289;Nation;5
1912;289;Nation;3
1913;289;Nation;10
1914;198;Nation;75
1915;139;Nation;587
1916;140;Nation;954
1917;141;Nation;1089
1918;193;Nation;22
1919;194;Nation;6
1920;314;Nation;158
1921;314;Nation;600
1922;314;Nation;602
1923;314;Nation;1343
1924;95;Nation;426
1925;90;Nation;1869
1926;91;Nation;1867
1927;92;Nation;15
1928;74;Nation;1869
1929;76;Nation;1862
1930;80;Nation;10
1931;77;Nation;1863
1932;81;Nation;10
1933;84;Nation;1864
1934;85;Nation;5
1935;75;Nation;1872
1936;78;Nation;1864
1937;82;Nation;10
1938;138;Nation;2
1939;52;Nation;138
1940;52;Nation;139
1941;52;Nation;43
1942;289;Nation;3
1943;289;Nation;7
1944;289;Nation;10
1945;319;Nation;25
1946;139;Nation;865
1947;140;Nation;866
1948;149;Nation;37
1949;193;Nation;206
1950;194;Nation;2
1951;314;Nation;266
1952;314;Nation;387
1953;314;Nation;654
1954;314;Nation;874
1955;314;Nation;1342
1956;314;Nation;1371
1957;314;Nation;2799
1958;95;Nation;681
1959;90;Nation;678
1960;91;Nation;672
1961;92;Nation;8
1962;93;Nation;673
1963;94;Nation;8
1964;74;Nation;2333
1965;76;Nation;672
1966;80;Nation;10
1967;77;Nation;673
1968;81;Nation;10
1969;75;Nation;681
1970;78;Nation;2336
1971;82;Nation;10
1972;35;Nation;30
1973;324;Nation;-2
1974;287;Nation;1
1975;123;Nation;1
1976;290;Nation;1
1977;138;Nation;8
1978;321;Nation;75
1979;210;Nation;1
1980;205;Nation;1
1981;269;Nation;1
1982;288;Nation;100
1983;100;Nation;157
1984;156;Nation;1
1985;289;Nation;3
1986;289;Nation;10
1987;139;Nation;183
1988;140;Nation;945
1989;193;Nation;206
1990;194;Nation;2
1991;314;Nation;872
1992;314;Nation;2850
1993;95;Nation;56
1994;90;Nation;54
1995;91;Nation;61
1996;92;Nation;10
1997;93;Nation;2455
1998;94;Nation;10
1999;74;Nation;54
2000;76;Nation;61
2001;80;Nation;10
2002;77;Nation;62
2003;81;Nation;5
2004;84;Nation;2453
2005;85;Nation;10
2006;75;Nation;1645
2007;78;Nation;2455
2008;82;Nation;10
2009;79;Nation;1642
2010;83;Nation;10
2011;138;Nation;3
2012;52;Nation;127
2013;289;Nation;2
2014;289;Nation;10
2015;139;Nation;376
2016;193;Nation;25
2017;194;Nation;6
2018;95;Nation;1018
2019;90;Nation;1016
2020;91;Nation;1013
2021;92;Nation;8
2022;93;Nation;1015
2023;94;Nation;8
2024;74;Nation;114
2025;76;Nation;1013
2026;80;Nation;10
2027;77;Nation;482
2028;81;Nation;15
2029;75;Nation;739
2030;78;Nation;1014
2031;82;Nation;10
2032;136;Nation;25
2033;138;Nation;4
2034;52;Nation;29
2035;52;Nation;42
2036;52;Nation;44
2037;289;Nation;1
2038;289;Nation;2
2039;289;Nation;10
2040;139;Nation;1021
2041;140;Nation;1024
2042;141;Nation;1035
2043;193;Nation;25
2044;194;Nation;6
2045;314;Nation;656
2046;314;Nation;862
2047;185;Nation;1
2048;158;Nation;1031
2049;95;Nation;2107
2050;90;Nation;1029
2051;91;Nation;2109
2052;92;Nation;10
2053;93;Nation;2108
2054;94;Nation;10
2055;74;Nation;1029
2056;76;Nation;2109
2057;80;Nation;15
2058;77;Nation;2108
2059;81;Nation;10
2060;75;Nation;1031
2061;78;Nation;2111
2062;82;Nation;10
2063;79;Nation;2110
2064;83;Nation;10
2065;41;Nation;1
2066;132;Nation;1
2067;207;Nation;1
2068;261;Nation;1
2069;319;Nation;75
2070;138;Nation;9
2071;52;Nation;70
2072;52;Nation;71
2073;289;Nation;3
2074;289;Nation;6
2075;289;Nation;2
2076;289;Nation;10
2077;139;Nation;583
2078;140;Nation;588
2079;141;Nation;589
2080;193;Nation;25
2081;194;Nation;6
2082;314;Nation;215
2083;314;Nation;216
2084;314;Nation;607
2085;275;Nation;1
2086;95;Nation;729
2087;90;Nation;730
2088;91;Nation;721
2089;92;Nation;20
2090;93;Nation;1545
2091;94;Nation;15
2092;74;Nation;730
2093;76;Nation;721
2094;80;Nation;20
2095;77;Nation;722
2096;81;Nation;10
2097;75;Nation;731
2098;78;Nation;727
2099;82;Nation;10
2100;171;Nation;2894
2101;173;Nation;2893
2102;177;Nation;10
2103;174;Nation;2893
2104;178;Nation;5
2105;172;Nation;2894
2106;175;Nation;2893
2107;179;Nation;10
2108;176;Nation;2896
2109;180;Nation;8
2110;186;Nation;2894
2111;187;Nation;2892
2112;188;Nation;2895
2113;189;Nation;2893
2114;190;Nation;2896
2115;139;Nation;933
2116;140;Nation;936
2117;141;Nation;935
2118;131;Nation;1
2119;132;Nation;1
2120;169;Nation;1
2121;73;Nation;-1
2122;207;Nation;1
2123;288;Nation;100
2124;319;Nation;75
2125;138;Nation;14
2126;52;Nation;102
2127;52;Nation;104
2128;52;Nation;105
2129;52;Nation;103
2130;289;Nation;6
2131;289;Nation;10
2132;193;Nation;22
2133;194;Nation;6
2134;270;Nation;82
2135;270;Nation;83
2136;264;Nation;2
2137;314;Nation;603
2138;95;Nation;1771
2139;90;Nation;792
2140;91;Nation;794
2141;92;Nation;15
2142;93;Nation;797
2143;94;Nation;15
2144;74;Nation;792
2145;76;Nation;794
2146;80;Nation;10
2147;77;Nation;797
2148;81;Nation;10
2149;84;Nation;938
2150;85;Nation;5
2151;75;Nation;1710
2152;78;Nation;939
2153;82;Nation;10
2154;138;Nation;15
2155;52;Nation;52
2156;52;Nation;130
2157;289;Nation;4
2158;289;Nation;10
2159;139;Nation;942
2160;140;Nation;943
2161;141;Nation;944
2162;193;Nation;264
2163;194;Nation;8
2164;314;Nation;1345
2165;275;Nation;1
2166;95;Nation;1257
2167;90;Nation;1249
2168;91;Nation;1238
2169;92;Nation;15
2170;93;Nation;1239
2171;94;Nation;10
2172;74;Nation;1249
2173;76;Nation;1238
2174;80;Nation;20
2175;77;Nation;1239
2176;81;Nation;5
2177;75;Nation;1251
2178;78;Nation;1240
2179;82;Nation;15
2180;171;Nation;2102
2181;173;Nation;2101
2182;177;Nation;8
2183;172;Nation;2102
2184;175;Nation;2103
2185;179;Nation;8
2186;138;Nation;15
2187;52;Nation;92
2188;52;Nation;93
2189;289;Nation;4
2190;289;Nation;10
2191;186;Nation;2102
2192;187;Nation;2104
2193;189;Nation;2101
2194;190;Nation;2103
2195;198;Nation;50
2196;139;Nation;1579
2197;140;Nation;1580
2198;141;Nation;1915
2199;193;Nation;24
2200;194;Nation;8
2201;264;Nation;2
2202;314;Nation;1339
2203;314;Nation;1345
2204;274;Nation;2
2205;311;Nation;10
2206;312;Nation;10
2207;95;Nation;1448
2208;90;Nation;1445
2209;91;Nation;1447
2210;92;Nation;15
2211;93;Nation;1355
2212;94;Nation;10
2213;74;Nation;1445
2214;76;Nation;1447
2215;80;Nation;10
2216;77;Nation;1355
2217;81;Nation;10
2218;75;Nation;1446
2219;78;Nation;1352
2220;82;Nation;10
2221;138;Nation;8
2222;52;Nation;107
2223;52;Nation;108
2224;289;Nation;10
2225;139;Nation;2530
2226;193;Nation;463
2227;194;Nation;6
2228;270;Nation;81
2229;314;Nation;550
2230;314;Nation;1581
2231;314;Nation;2503
2232;274;Nation;1
2233;279;Nation;64
2234;95;Nation;1091
2235;90;Nation;992
2236;91;Nation;984
2237;92;Nation;15
2238;93;Nation;985
2239;94;Nation;10
2240;74;Nation;992
2241;76;Nation;984
2242;80;Nation;10
2243;77;Nation;985
2244;81;Nation;10
2245;75;Nation;1091
2246;78;Nation;1090
2247;82;Nation;15
2248;132;Nation;1
2249;73;Nation;-2
2250;207;Nation;1
2251;200;Nation;1
2252;138;Nation;0
2253;52;Nation;38
2254;52;Nation;76
2255;52;Nation;39
2256;170;Nation;1
2257;289;Nation;7
2258;289;Nation;10
2259;139;Nation;581
2260;140;Nation;867
2261;141;Nation;1968
2262;193;Nation;206
2263;194;Nation;2
2264;314;Nation;120
2265;314;Nation;216
2266;314;Nation;486
2267;314;Nation;1025
2268;314;Nation;2792
2269;279;Nation;4194320
2270;95;Nation;2595
2271;90;Nation;418
2272;91;Nation;2594
2273;92;Nation;15
2274;93;Nation;2574
2275;94;Nation;10
2276;74;Nation;418
2277;76;Nation;2571
2278;80;Nation;10
2279;77;Nation;2594
2280;81;Nation;10
2281;75;Nation;951
2282;78;Nation;420
2283;82;Nation;10
2284;79;Nation;2574
2285;83;Nation;10
2286;139;Nation;556
2287;140;Nation;557
2288;73;Nation;1
2289;270;Nation;43
2290;138;Nation;7
2291;52;Nation;40
2292;52;Nation;41
2293;289;Nation;8
2294;289;Nation;5
2295;289;Nation;10
2296;193;Nation;23
2297;194;Nation;8
2298;314;Nation;509
2299;314;Nation;2552
2300;314;Nation;2789
2301;279;Nation;64
2302;95;Nation;502
2303;90;Nation;163
2304;91;Nation;167
2305;92;Nation;15
2306;93;Nation;166
2307;94;Nation;10
2308;74;Nation;163
2309;76;Nation;168
2310;80;Nation;10
2311;77;Nation;166
2312;81;Nation;20
2313;75;Nation;162
2314;78;Nation;165
2315;82;Nation;10
2316;79;Nation;166
2317;83;Nation;10
2318;300;Nation;1094
2319;139;Nation;380
2320;140;Nation;864
2321;141;Nation;1660
2322;73;Nation;-2
2323;210;Nation;1
2324;125;Nation;1
2325;197;Nation;1
2326;138;Nation;5
2327;52;Nation;63
2328;52;Nation;12
2329;289;Nation;7
2330;289;Nation;10
2331;198;Nation;50
2332;193;Nation;206
2333;194;Nation;1
2334;195;Nation;167
2335;196;Nation;1
2336;315;Nation;320
2337;314;Nation;1349
2338;314;Nation;2445
2339;314;Nation;2793
2340;279;Nation;128
2341;95;Nation;430
2342;90;Nation;699
2343;91;Nation;229
2344;92;Nation;15
2345;93;Nation;228
2346;94;Nation;15
2347;74;Nation;699
2348;76;Nation;229
2349;80;Nation;10
2350;77;Nation;697
2351;81;Nation;5
2352;84;Nation;239
2353;85;Nation;10
2354;75;Nation;701
2355;78;Nation;228
2356;82;Nation;10
2357;79;Nation;698
2358;83;Nation;5
2359;124;Nation;1
2360;139;Nation;540
2361;140;Nation;770
2362;141;Nation;614
2363;142;Nation;611
2364;133;Nation;200
2365;138;Nation;10
2366;52;Nation;49
2367;289;Nation;3
2368;289;Nation;10
2369;193;Nation;23
2370;194;Nation;6
2371;264;Nation;2
2372;314;Nation;138
2373;314;Nation;979
2374;314;Nation;1343
2375;314;Nation;2783
2376;95;Nation;426
2377;90;Nation;2150
2378;91;Nation;142
2379;92;Nation;12
2380;93;Nation;143
2381;94;Nation;10
2382;74;Nation;422
2383;76;Nation;142
2384;80;Nation;15
2385;77;Nation;143
2386;81;Nation;10
2387;75;Nation;263
2388;78;Nation;144
2389;82;Nation;15
2390;139;Nation;544
2391;140;Nation;590
2392;132;Nation;1
2393;73;Nation;1
2394;261;Nation;1
2395;319;Nation;25
2396;138;Nation;11
2397;52;Nation;58
2398;289;Nation;1
2399;289;Nation;10
2400;193;Nation;23
2401;194;Nation;6
2402;314;Nation;1098
2403;95;Nation;426
2404;90;Nation;839
2405;91;Nation;837
2406;92;Nation;10
2407;93;Nation;276
2408;94;Nation;8
2409;74;Nation;839
2410;76;Nation;837
2411;80;Nation;10
2412;77;Nation;838
2413;81;Nation;15
2414;75;Nation;274
2415;78;Nation;276
2416;82;Nation;5
2417;139;Nation;1382
2418;140;Nation;586
2419;138;Nation;11
2420;52;Nation;47
2421;73;Nation;1
2422;289;Nation;1
2423;289;Nation;10
2424;198;Nation;50
2425;193;Nation;471
2426;194;Nation;3
2427;314;Nation;500
2428;314;Nation;643
2429;314;Nation;644
2430;314;Nation;645
2431;314;Nation;1229
2432;95;Nation;426
2433;90;Nation;1918
2434;91;Nation;1931
2435;92;Nation;15
2436;93;Nation;1928
2437;94;Nation;15
2438;74;Nation;1918
2439;76;Nation;1929
2440;80;Nation;10
2441;77;Nation;1931
2442;81;Nation;10
2443;84;Nation;1928
2444;85;Nation;10
2445;75;Nation;1917
2446;78;Nation;1930
2447;82;Nation;10
2448;79;Nation;1926
2449;83;Nation;10
2450;73;Nation;2
2451;138;Nation;4
2452;52;Nation;140
2453;52;Nation;141
2454;289;Nation;1
2455;289;Nation;10
2456;139;Nation;1958
2457;140;Nation;1959
2458;141;Nation;1962
2459;149;Nation;1957
2460;193;Nation;23
2461;194;Nation;8
2462;314;Nation;1561
2463;279;Nation;128
2464;95;Nation;1119
2465;90;Nation;1135
2466;91;Nation;1120
2467;92;Nation;20
2468;93;Nation;1122
2469;94;Nation;15
2470;74;Nation;1127
2471;76;Nation;1118
2472;80;Nation;20
2473;77;Nation;1121
2474;81;Nation;10
2475;84;Nation;1125
2476;85;Nation;10
2477;75;Nation;1135
2478;78;Nation;1133
2479;82;Nation;10
2480;294;Nation;1118
2481;294;Nation;1120
2482;294;Nation;1121
2483;294;Nation;1122
2484;295;Nation;1127
2485;302;Nation;1318
2486;303;Nation;2476
2487;73;Nation;-2
2488;138;Nation;16
2489;52;Nation;96
2490;52;Nation;97
2491;289;Nation;8
2492;289;Nation;10
2493;198;Nation;50
2494;319;Nation;25
2495;270;Nation;77
2496;193;Nation;23
2497;194;Nation;4
2498;195;Nation;24
2499;196;Nation;4
2500;314;Nation;1344
2501;314;Nation;2202
2502;314;Nation;2466
2503;314;Nation;2549
2504;95;Nation;1995
2505;90;Nation;2002
2506;91;Nation;1993
2507;92;Nation;15
2508;93;Nation;1992
2509;94;Nation;10
2510;74;Nation;2002
2511;76;Nation;1993
2512;80;Nation;10
2513;77;Nation;1992
2514;81;Nation;10
2515;75;Nation;1984
2516;78;Nation;1989
2517;82;Nation;10
2518;139;Nation;2070
2519;149;Nation;1985
2520;73;Nation;-1
2521;132;Nation;1
2522;133;Nation;800
2523;207;Nation;1
2524;319;Nation;25
2525;138;Nation;11
2526;52;Nation;142
2527;52;Nation;143
2528;289;Nation;5
2529;289;Nation;10
2530;193;Nation;22
2531;194;Nation;4
2532;195;Nation;206
2533;196;Nation;1
2534;314;Nation;120
2535;314;Nation;1025
2536;314;Nation;2082
2537;314;Nation;2462
2538;279;Nation;4194384
2539;95;Nation;2595
2540;90;Nation;2597
2541;91;Nation;2580
2542;92;Nation;10
2543;93;Nation;2581
2544;94;Nation;10
2545;74;Nation;2596
2546;76;Nation;2579
2547;80;Nation;20
2548;77;Nation;2580
2549;81;Nation;20
2550;75;Nation;2588
2551;78;Nation;2589
2552;82;Nation;10
2553;79;Nation;2581
2554;83;Nation;10
2555;139;Nation;2639
2556;309;Nation;1
2557;313;Nation;2562
2558;319;Nation;25
2559;270;Nation;43
2560;138;Nation;27
2561;133;Nation;800
2562;308;Nation;0
2563;52;Nation;170
2564;52;Nation;171
2565;289;Nation;8
2566;289;Nation;5
2567;289;Nation;10
2568;193;Nation;23
2569;194;Nation;8
2570;314;Nation;486
2571;314;Nation;509
2572;314;Nation;2608
2573;314;Nation;2610
2574;314;Nation;2611
2575;314;Nation;2627
2576;314;Nation;2788
2577;275;Nation;1
2578;274;Nation;1
2579;311;Nation;10
2580;312;Nation;10
2581;279;Nation;4224
2582;95;Nation;2748
2583;90;Nation;2782
2584;91;Nation;2742
2585;92;Nation;10
2586;93;Nation;2741
2587;94;Nation;10
2588;74;Nation;2782
2589;76;Nation;2738
2590;80;Nation;10
2591;77;Nation;2741
2592;81;Nation;10
2593;75;Nation;2675
2594;78;Nation;2742
2595;82;Nation;20
2596;171;Nation;2891
2597;173;Nation;2889
2598;177;Nation;10
2599;174;Nation;2890
2600;178;Nation;5
2601;172;Nation;2748
2602;175;Nation;2890
2603;179;Nation;10
2604;294;Nation;2738
2605;294;Nation;2739
2606;295;Nation;2782
2607;295;Nation;2751
2608;302;Nation;2738
2609;302;Nation;2739
2610;303;Nation;2782
2611;303;Nation;2750
2612;186;Nation;2891
2613;187;Nation;2748
2614;189;Nation;2889
2615;190;Nation;2890
2616;139;Nation;2763
2617;132;Nation;1
2618;73;Nation;-1
2619;207;Nation;1
2620;138;Nation;14
2621;52;Nation;180
2622;52;Nation;181
2623;289;Nation;6
2624;289;Nation;10
2625;193;Nation;633
2626;194;Nation;8
2627;270;Nation;93
2628;264;Nation;1
2629;314;Nation;604
2630;314;Nation;2755
2631;314;Nation;2756
2632;293;Nation;1
2633;275;Nation;1
2634;279;Nation;2048
2635;289;Nation;9
2636;95;Nation;1680
2637;90;Nation;1701
2638;91;Nation;1681
2639;92;Nation;15
2640;93;Nation;1686
2641;94;Nation;10
2642;74;Nation;1701
2643;76;Nation;1681
2644;80;Nation;10
2645;77;Nation;1686
2646;81;Nation;10
2647;75;Nation;1693
2648;78;Nation;1681
2649;82;Nation;10
2650;79;Nation;1684
2651;83;Nation;10
2652;171;Nation;1701
2653;173;Nation;1681
2654;177;Nation;10
2655;174;Nation;1686
2656;178;Nation;10
2657;172;Nation;1693
2658;175;Nation;1681
2659;179;Nation;10
2660;176;Nation;1684
2661;180;Nation;10
2662;158;Nation;1694
2663;160;Nation;1682
2664;73;Nation;0
2665;138;Nation;1
2666;52;Nation;128
2667;52;Nation;129
2668;198;Nation;50
2669;193;Nation;22
2670;194;Nation;6
2671;264;Nation;2
2672;314;Nation;109
2673;314;Nation;2853
2674;293;Nation;1
2675;275;Nation;1
2676;279;Nation;2048
2677;289;Nation;9
2678;95;Nation;432
2679;90;Nation;1523
2680;91;Nation;335
2681;92;Nation;15
2682;93;Nation;1517
2683;94;Nation;10
2684;74;Nation;1523
2685;76;Nation;335
2686;80;Nation;15
2687;77;Nation;1515
2688;81;Nation;10
2689;75;Nation;1527
2690;78;Nation;336
2691;82;Nation;10
2692;79;Nation;1524
2693;83;Nation;10
2694;171;Nation;1523
2695;173;Nation;335
2696;177;Nation;15
2697;174;Nation;1515
2698;178;Nation;10
2699;172;Nation;1527
2700;175;Nation;336
2701;179;Nation;10
2702;176;Nation;1524
2703;180;Nation;10
2704;73;Nation;0
2705;138;Nation;13
2706;52;Nation;116
2707;139;Nation;1691
2708;198;Nation;50
2709;193;Nation;22
2710;194;Nation;6
2711;314;Nation;546
2712;314;Nation;1402
2713;314;Nation;2855
2714;293;Nation;1
2715;275;Nation;1
2716;280;Nation;2048
2717;289;Nation;9
2718;95;Nation;1050
2719;90;Nation;2390
2720;91;Nation;2385
2721;92;Nation;10
2722;93;Nation;2382
2723;94;Nation;10
2724;74;Nation;1293
2725;76;Nation;1046
2726;80;Nation;10
2727;75;Nation;1696
2728;78;Nation;1291
2729;82;Nation;10
2730;176;Nation;1046
2731;180;Nation;10
2732;171;Nation;2390
2733;173;Nation;2385
2734;177;Nation;10
2735;174;Nation;1056
2736;178;Nation;10
2737;172;Nation;2395
2738;175;Nation;2382
2739;179;Nation;10
2740;176;Nation;2386
2741;180;Nation;10
2742;73;Nation;0
2743;138;Nation;1
2744;52;Nation;72
2745;198;Nation;50
2746;314;Nation;1232
2747;314;Nation;1233
2748;139;Nation;2806
2749;193;Nation;22
2750;194;Nation;6
2751;293;Nation;1
2752;275;Nation;1
2753;280;Nation;2048
2754;289;Nation;9
2755;95;Nation;2370
2756;90;Nation;2372
2757;91;Nation;1041
2758;92;Nation;15
2759;93;Nation;2376
2760;94;Nation;15
2761;74;Nation;2372
2762;76;Nation;1041
2763;80;Nation;10
2764;77;Nation;2378
2765;81;Nation;10
2766;75;Nation;2392
2767;78;Nation;2372
2768;82;Nation;10
2769;79;Nation;1408
2770;83;Nation;5
2771;171;Nation;2372
2772;173;Nation;1041
2773;177;Nation;10
2774;174;Nation;2378
2775;178;Nation;10
2776;172;Nation;2392
2777;175;Nation;2372
2778;179;Nation;10
2779;176;Nation;1408
2780;180;Nation;5
2781;73;Nation;0
2782;322;Nation;3
2783;281;Nation;-1
2784;133;Nation;200
2785;138;Nation;1
2786;52;Nation;101
2787;198;Nation;50
2788;193;Nation;23
2789;194;Nation;6
2790;264;Nation;0
2791;314;Nation;294
2792;314;Nation;2849
2793;293;Nation;1
2794;275;Nation;1
2795;289;Nation;9
2796;95;Nation;432
2797;90;Nation;207
2798;91;Nation;111
2799;92;Nation;12
2800;93;Nation;107
2801;94;Nation;8
2802;74;Nation;441
2803;76;Nation;110
2804;80;Nation;10
2805;77;Nation;107
2806;81;Nation;10
2807;75;Nation;112
2808;78;Nation;111
2809;82;Nation;10
2810;79;Nation;208
2811;83;Nation;10
2812;171;Nation;441
2813;173;Nation;110
2814;177;Nation;10
2815;174;Nation;107
2816;178;Nation;10
2817;172;Nation;112
2818;175;Nation;111
2819;179;Nation;10
2820;176;Nation;208
2821;180;Nation;10
2822;73;Nation;0
2823;138;Nation;1
2824;52;Nation;2
2825;139;Nation;373
2826;140;Nation;558
2827;198;Nation;50
2828;193;Nation;23
2829;194;Nation;6
2830;314;Nation;109
2831;314;Nation;873
2832;314;Nation;2853
2833;293;Nation;1
2834;157;Nation;1
2835;275;Nation;1
2836;279;Nation;2048
2837;289;Nation;9
2838;95;Nation;432
2839;90;Nation;445
2840;91;Nation;337
2841;92;Nation;20
2842;93;Nation;335
2843;94;Nation;10
2844;74;Nation;445
2845;76;Nation;337
2846;80;Nation;20
2847;77;Nation;335
2848;81;Nation;10
2849;75;Nation;333
2850;78;Nation;336
2851;82;Nation;10
2852;79;Nation;425
2853;83;Nation;5
2854;171;Nation;445
2855;173;Nation;337
2856;177;Nation;20
2857;174;Nation;335
2858;178;Nation;10
2859;172;Nation;333
2860;175;Nation;336
2861;179;Nation;10
2862;176;Nation;425
2863;180;Nation;5
2864;73;Nation;0
2865;138;Nation;13
2866;52;Nation;17
2867;52;Nation;45
2868;139;Nation;560
2869;140;Nation;660
2870;141;Nation;622
2871;158;Nation;443
2872;159;Nation;2470
2873;160;Nation;970
2874;161;Nation;971
2875;193;Nation;86
2876;194;Nation;1
2877;195;Nation;23
2878;196;Nation;4
2879;314;Nation;546
2880;314;Nation;652
2881;314;Nation;2855
2882;293;Nation;1
2883;275;Nation;1
2884;280;Nation;2048
2885;289;Nation;9
2886;95;Nation;1050
2887;90;Nation;1069
2888;91;Nation;1056
2889;92;Nation;15
2890;93;Nation;1057
2891;94;Nation;10
2892;74;Nation;1293
2893;76;Nation;1046
2894;80;Nation;10
2895;75;Nation;1696
2896;78;Nation;1291
2897;82;Nation;10
2898;176;Nation;1046
2899;180;Nation;10
2900;171;Nation;1069
2901;173;Nation;1056
2902;177;Nation;10
2903;174;Nation;1056
2904;178;Nation;10
2905;172;Nation;1061
2906;175;Nation;1057
2907;179;Nation;10
2908;176;Nation;1046
2909;180;Nation;10
2910;73;Nation;0
2911;138;Nation;1
2912;52;Nation;160
2913;198;Nation;50
2914;314;Nation;1232
2915;314;Nation;1233
2916;193;Nation;22
2917;194;Nation;6
2918;293;Nation;1
2919;275;Nation;1
2920;280;Nation;2048
2921;289;Nation;9
2922;95;Nation;2370
2923;90;Nation;2372
2924;91;Nation;2404
2925;92;Nation;15
2926;93;Nation;2408
2927;94;Nation;10
2928;74;Nation;2372
2929;76;Nation;2404
2930;80;Nation;15
2931;77;Nation;2408
2932;81;Nation;10
2933;75;Nation;2411
2934;78;Nation;1409
2935;82;Nation;5
2936;79;Nation;2408
2937;83;Nation;5
2938;171;Nation;2372
2939;173;Nation;2406
2940;177;Nation;15
2941;174;Nation;2408
2942;178;Nation;10
2943;172;Nation;2410
2944;175;Nation;1408
2945;179;Nation;5
2946;176;Nation;1043
2947;180;Nation;5
2948;73;Nation;0
2949;322;Nation;2
2950;281;Nation;-1
2951;133;Nation;200
2952;138;Nation;1
2953;52;Nation;162
2954;198;Nation;50
2955;193;Nation;23
2956;194;Nation;6
2957;264;Nation;1
2958;314;Nation;294
2959;314;Nation;2849
2960;185;Nation;1
2961;275;Nation;1
2962;95;Nation;1631
2963;90;Nation;1632
2964;91;Nation;1617
2965;92;Nation;15
2966;93;Nation;1625
2967;94;Nation;10
2968;74;Nation;1632
2969;76;Nation;1617
2970;80;Nation;10
2971;77;Nation;1625
2972;81;Nation;10
2973;75;Nation;1633
2974;78;Nation;1626
2975;82;Nation;10
2976;79;Nation;1627
2977;83;Nation;5
2978;171;Nation;441
2979;173;Nation;110
2980;177;Nation;10
2981;174;Nation;111
2982;178;Nation;10
2983;172;Nation;2084
2984;175;Nation;110
2985;179;Nation;10
2986;176;Nation;107
2987;180;Nation;10
2988;139;Nation;1634
2989;140;Nation;2085
2990;73;Nation;2
2991;138;Nation;2
2992;52;Nation;126
2993;289;Nation;10
2994;186;Nation;207
2995;187;Nation;2088
2996;188;Nation;2083
2997;211;Nation;2084
2998;189;Nation;111
2999;190;Nation;107
3000;191;Nation;1621
3001;213;Nation;2087
3002;198;Nation;50
3003;193;Nation;22
3004;194;Nation;6
3005;314;Nation;265
3006;314;Nation;2852
3007;314;Nation;2853
3008;293;Nation;1
3009;275;Nation;1
3010;167;Nation;1
3011;35;Nation;5
3012;168;Nation;10
3013;157;Nation;1
3014;279;Nation;2048
3015;289;Nation;9
3016;95;Nation;432
3017;90;Nation;445
3018;91;Nation;337
3019;92;Nation;20
3020;93;Nation;335
3021;94;Nation;10
3022;74;Nation;445
3023;76;Nation;337
3024;80;Nation;20
3025;77;Nation;335
3026;81;Nation;10
3027;75;Nation;333
3028;78;Nation;336
3029;82;Nation;10
3030;79;Nation;425
3031;83;Nation;5
3032;171;Nation;445
3033;173;Nation;337
3034;177;Nation;20
3035;174;Nation;335
3036;178;Nation;10
3037;172;Nation;333
3038;175;Nation;336
3039;179;Nation;10
3040;176;Nation;425
3041;180;Nation;5
3042;73;Nation;0
3043;138;Nation;13
3044;52;Nation;164
3045;52;Nation;45
3046;139;Nation;560
3047;140;Nation;660
3048;158;Nation;443
3049;159;Nation;2470
3050;160;Nation;970
3051;161;Nation;971
3052;162;Nation;972
3053;163;Nation;1563
3054;193;Nation;86
3055;194;Nation;1
3056;195;Nation;23
3057;196;Nation;4
3058;314;Nation;546
3059;314;Nation;652
3060;314;Nation;2855
3061;293;Nation;1
3062;275;Nation;1
3063;280;Nation;2048
3064;289;Nation;9
3065;95;Nation;2845
3066;90;Nation;2833
3067;91;Nation;2841
3068;92;Nation;10
3069;93;Nation;2842
3070;94;Nation;10
3071;74;Nation;2831
3072;76;Nation;2828
3073;80;Nation;10
3074;77;Nation;2827
3075;81;Nation;10
3076;75;Nation;2831
3077;78;Nation;2829
3078;82;Nation;10
3079;171;Nation;2844
3080;173;Nation;2841
3081;177;Nation;10
3082;174;Nation;2840
3083;178;Nation;5
3084;172;Nation;2845
3085;175;Nation;2842
3086;179;Nation;10
3087;35;Nation;5
3088;324;Nation;-2
3089;317;Nation;1
3090;129;Nation;1
3091;290;Nation;1
3092;138;Nation;8
3093;321;Nation;50
3094;210;Nation;1
3095;205;Nation;1
3096;269;Nation;1
3097;288;Nation;100
3098;52;Nation;182
3099;139;Nation;2871
3100;140;Nation;2878
3101;141;Nation;2880
3102;193;Nation;206
3103;194;Nation;2
3104;264;Nation;2
3105;314;Nation;872
3106;314;Nation;2850
3107;315;Nation;2881
3108;315;Nation;2882
3109;269;Armor;1
3110;267;Armor;1
3111;269;Armor;1
3112;267;Armor;1
3113;267;Armor;1
3114;267;Armor;1
3115;267;Armor;1
3116;267;Armor;1
3117;267;Armor;1
3118;267;Armor;1
3119;267;Armor;1
3120;267;Armor;1
3121;267;Armor;1
3122;267;Armor;1
3123;267;Armor;1
3124;267;Armor;1
3125;267;Armor;1
3126;269;Armor;1
3127;267;Armor;1
3128;269;Armor;1
3129;267;Armor;1
3130;267;Armor;1
3131;267;Armor;1
3132;267;Armor;1
3133;267;Armor;1
3134;267;Armor;1
3135;267;Armor;1
3136;267;Armor;1
3137;267;Armor;1
3138;267;Armor;1
3139;267;Armor;1
3140;267;Armor;1
3141;267;Armor;1
3142;269;Armor;1
3143;269;Armor;1
3144;269;Armor;1
3145;269;Armor;1
3146;267;Armor;1
3147;267;Armor;1
3148;269;Armor;1
3149;267;Armor;1
3150;267;Armor;1
3151;267;Armor;1
3152;269;Armor;1
3153;269;Armor;1
3154;267;Armor;1
3155;267;Armor;1
3156;266;Weapon;1
3157;266;Weapon;1
3158;266;Weapon;1
3159;266;Weapon;1
3160;266;Weapon;1
3161;268;Weapon;1
3162;266;Weapon;1
3163;266;Weapon;1
3164;266;Weapon;1
3165;266;Weapon;1
3166;266;Weapon;1
3167;266;Weapon;1
3168;266;Weapon;1
3169;266;Weapon;1
3170;268;Weapon;1
3171;268;Weapon;1
3172;268;Weapon;1
3173;266;Weapon;1
3174;266;Weapon;1
3175;302;Weapon;1
3176;266;Weapon;1
3177;268;Weapon;1
3178;482;Weapon;1
3179;482;Weapon;1
3180;482;Weapon;1
3181;482;Weapon;1
3182;266;Weapon;1
3183;266;Weapon;1
3184;302;Weapon;1
3185;302;Weapon;1
3186;266;Weapon;1
3187;268;Weapon;1
3188;482;Weapon;1
3189;302;Weapon;1
3190;266;Weapon;1
3191;266;Weapon;1
3192;268;Weapon;1
3193;482;Weapon;1
3194;266;Weapon;1
3195;302;Weapon;1
3196;302;Weapon;1
3197;268;Weapon;1
3198;268;Weapon;1
3199;302;Weapon;1
3200;266;Weapon;1
3201;268;Weapon;1
3202;266;Weapon;1
3203;302;Weapon;1
3204;266;Weapon;1
3205;266;Weapon;1
3206;266;Weapon;1
3207;266;Weapon;1
3208;302;Weapon;1
3209;268;Weapon;1
3210;268;Weapon;1
3211;266;Weapon;1
3212;266;Weapon;1
3213;302;Weapon;1
3214;266;Weapon;1
3215;266;Weapon;1
3216;266;Weapon;1
3217;268;Weapon;1
3218;268;Weapon;1
3219;302;Weapon;1
3220;302;Weapon;1
3221;266;Weapon;1
3222;268;Weapon;1
3223;266;Weapon;1
3224;266;Weapon;1
3225;266;Weapon;1
3226;268;Weapon;1
3227;266;Weapon;1
3228;266;Weapon;1
3229;268;Weapon;1
3230;268;Weapon;1
3231;266;Weapon;1
3232;266;Weapon;1
3233;266;Weapon;1
3234;266;Weapon;1
3235;266;Weapon;1
3236;266;Weapon;1
3237;266;Weapon;1
3238;302;Weapon;1
3239;268;Weapon;1
3240;266;Weapon;1
3241;266;Weapon;1
3242;302;Weapon;1
3243;302;Weapon;1
3244;268;Weapon;1
3245;266;Weapon;1
3246;268;Weapon;1
3247;482;Weapon;1
3248;302;Weapon;1
3249;266;Weapon;1
3250;268;Weapon;1
3251;302;Weapon;1
3252;266;Weapon;1
3253;268;Weapon;1
3254;268;Weapon;1
3255;302;Weapon;1
3256;266;Weapon;1
3257;268;Weapon;1
3258;266;Weapon;1
3259;266;Weapon;1
3260;266;Weapon;1
3261;302;Weapon;1
3262;266;Weapon;1
3263;266;Weapon;1
3264;268;Weapon;1
3265;268;Weapon;1
3266;266;Weapon;1
3267;302;Weapon;1
3268;302;Weapon;1
3269;482;Weapon;1
3270;482;Weapon;1
3271;482;Weapon;1
3272;266;Weapon;1
3273;266;Weapon;1
3274;266;Weapon;1
3275;266;Weapon;1
3276;268;Weapon;1
3277;268;Weapon;1
3278;266;Weapon;1
3279;708;Spell;1
3280;700;Spell;5
3281;278;Spell;108
3282;278;Spell;105
3283;278;Spell;133
3284;278;Spell;160
3285;278;Spell;116
3286;278;Spell;148
3287;278;Spell;174
3288;700;Spell;5
3289;278;Spell;161
3290;278;Spell;109
3291;278;Spell;161
3292;278;Spell;108
3293;278;Spell;108
3294;278;Spell;142
3295;278;Spell;110
3296;278;Spell;142
3297;278;Spell;142
3298;278;Spell;167
3299;278;Spell;110
3300;278;Spell;127
3301;278;Spell;127
3302;278;Spell;169
3303;278;Spell;169
3304;278;Spell;169
3305;278;Spell;169
3306;278;Spell;169
3307;278;Spell;127
3308;278;Spell;169
3309;278;Spell;169
3310;702;Spell;128
3311;278;Spell;169
3312;278;Spell;169
3313;278;Spell;169
3314;278;Spell;169
3315;278;Spell;169
3316;278;Spell;154
3317;278;Spell;127
3318;278;Spell;169
3319;702;Spell;4194320
3320;278;Spell;171
3321;278;Spell;171
3322;278;Spell;145
3323;278;Spell;113
3324;278;Spell;113
3325;278;Spell;145
3326;278;Spell;171
3327;278;Spell;115
3328;278;Spell;147
3329;278;Spell;173
3330;278;Spell;145
3331;278;Spell;171
3332;278;Spell;113
3333;278;Spell;152
3334;278;Spell;177
3335;278;Spell;152
3336;278;Spell;177
3337;278;Spell;152
3338;278;Spell;177
3339;700;Spell;5
3340;278;Spell;152
3341;278;Spell;177
3342;278;Spell;152
3343;278;Spell;177
3344;700;Spell;4
3345;278;Spell;152
3346;278;Spell;177
3347;278;Spell;152
3348;278;Spell;177
3349;278;Spell;152
3350;278;Spell;177
3351;278;Spell;152
3352;278;Spell;177
3353;278;Spell;152
3354;278;Spell;177
3355;700;Spell;4
3356;278;Spell;152
3357;278;Spell;177
3358;278;Spell;152
3359;278;Spell;177
3360;278;Spell;152
3361;278;Spell;177
3362;702;Spell;4194320
3363;278;Spell;152
3364;278;Spell;177
3365;702;Spell;4194320
3366;278;Spell;152
3367;278;Spell;177
3368;702;Spell;128
3369;278;Spell;115
3370;278;Spell;147
3371;278;Spell;173
3372;426;Spell;8
3373;278;Spell;111
3374;278;Spell;143
3375;278;Spell;130
3376;278;Spell;180
3377;278;Spell;130
3378;278;Spell;155
3379;278;Spell;179
3380;278;Spell;179
3381;702;Spell;64
3382;278;Spell;155
3383;278;Spell;155
3384;278;Spell;155
3385;278;Spell;128
3386;702;Spell;64
3387;278;Spell;179
3388;278;Spell;155
3389;278;Spell;128
3390;278;Spell;130
3391;702;Spell;64
3392;278;Spell;179
3393;278;Spell;155
3394;278;Spell;179
3395;278;Spell;155
3396;278;Spell;179
3397;278;Spell;155
3398;278;Spell;155
3399;278;Spell;179
3400;278;Spell;155
3401;278;Spell;179
3402;278;Spell;128
3403;278;Spell;179
3404;278;Spell;155
3405;278;Spell;128
3406;278;Spell;130
3407;278;Spell;179
3408;278;Spell;155
3409;278;Spell;128
3410;278;Spell;130
3411;278;Spell;183
3412;278;Spell;187
3413;278;Spell;191
3414;278;Spell;191
3415;700;Spell;5
3416;278;Spell;134
3417;278;Spell;135
3418;278;Spell;134
3419;278;Spell;135
3420;278;Spell;134
3421;278;Spell;135
3422;278;Spell;134
3423;278;Spell;135
3424;278;Spell;134
3425;278;Spell;135
3426;278;Spell;134
3427;278;Spell;135
3428;278;Spell;134
3429;278;Spell;135
3430;278;Spell;135
3431;278;Spell;134
3432;278;Spell;135
3433;278;Spell;134
3434;278;Spell;135
3435;278;Spell;134
3436;278;Spell;135
3437;278;Spell;134
3438;278;Spell;135
3439;278;Spell;134
3440;278;Spell;134
3441;278;Spell;134
3442;278;Spell;134
3443;278;Spell;134
3444;278;Spell;134
3445;278;Spell;134
3446;278;Spell;134
3447;278;Spell;134
3448;278;Spell;134
3449;278;Spell;134
3450;278;Spell;134
3451;278;Spell;134
3452;278;Spell;162
3453;278;Spell;162
3454;278;Spell;162
3455;278;Spell;162
3456;278;Spell;162
3457;278;Spell;162
3458;278;Spell;162
3459;278;Spell;162
3460;278;Spell;162
3461;278;Spell;162
3462;278;Spell;162
3463;278;Spell;162
3464;278;Spell;162
3465;278;Spell;162
3466;278;Spell;162
3467;278;Spell;162
3468;278;Spell;162
3469;278;Spell;162
3470;278;Spell;162
3471;278;Spell;173
3472;278;Spell;173
3473;278;Spell;173
3474;278;Spell;173
3475;278;Spell;173
3476;278;Spell;173
3477;278;Spell;173
3478;278;Spell;173
3479;278;Spell;173
3480;278;Spell;116
3481;278;Spell;148
3482;278;Spell;174
3483;278;Spell;116
3484;278;Spell;148
3485;278;Spell;174
3486;278;Spell;116
3487;278;Spell;148
3488;278;Spell;174
3489;278;Spell;149
3490;278;Spell;149
3491;278;Spell;149
3492;278;Spell;149
3493;278;Spell;149
3494;278;Spell;149
3495;278;Spell;149
3496;278;Spell;149
3497;278;Spell;118
3498;278;Spell;137
3499;278;Spell;138
3500;278;Spell;118
3501;278;Spell;137
3502;278;Spell;138
3503;278;Spell;118
3504;278;Spell;137
3505;278;Spell;138
3506;278;Spell;119
3507;278;Spell;137
3508;278;Spell;163
3509;278;Spell;137
3510;278;Spell;163
3511;278;Spell;118
3512;278;Spell;138
3513;278;Spell;119
3514;278;Spell;137
3515;278;Spell;163
3516;278;Spell;163
3517;278;Spell;119
3518;278;Spell;119
3519;278;Spell;139
3520;278;Spell;164
3521;278;Spell;139
3522;278;Spell;164
3523;278;Spell;139
3524;278;Spell;139
3525;278;Spell;164
3526;278;Spell;164
3527;278;Spell;115
3528;278;Spell;147
3529;278;Spell;115
3530;278;Spell;173
3531;278;Spell;147
3532;278;Spell;146
3533;278;Spell;114
3534;278;Spell;172
3535;278;Spell;180
3536;278;Spell;146
3537;278;Spell;172
3538;278;Spell;114
3539;278;Spell;180
3540;278;Spell;140
3541;278;Spell;165
3542;278;Spell;136
3543;278;Spell;140
3544;278;Spell;165
3545;278;Spell;136
3546;700;Spell;5
3547;716;Spell;465
3548;278;Spell;140
3549;278;Spell;165
3550;278;Spell;136
3551;278;Spell;140
3552;278;Spell;165
3553;278;Spell;136
3554;278;Spell;165
3555;278;Spell;165
3556;278;Spell;121
3557;278;Spell;120
3558;278;Spell;150
3559;278;Spell;175
3560;278;Spell;121
3561;278;Spell;120
3562;278;Spell;150
3563;278;Spell;152
3564;278;Spell;175
3565;278;Spell;122
3566;278;Spell;151
3567;278;Spell;176
3568;278;Spell;176
3569;278;Spell;151
3570;278;Spell;151
3571;278;Spell;176
3572;278;Spell;122
3573;278;Spell;121
3574;278;Spell;151
3575;278;Spell;176
3576;278;Spell;122
3577;278;Spell;166
3578;278;Spell;112
3579;278;Spell;141
3580;278;Spell;158
3581;278;Spell;181
3582;278;Spell;166
3583;278;Spell;112
3584;278;Spell;141
3585;278;Spell;131
3586;278;Spell;181
3587;278;Spell;166
3588;278;Spell;112
3589;278;Spell;141
3590;278;Spell;158
3591;278;Spell;181
3592;278;Spell;166
3593;278;Spell;112
3594;278;Spell;141
3595;278;Spell;158
3596;278;Spell;181
3597;278;Spell;166
3598;278;Spell;141
3599;278;Spell;112
3600;278;Spell;166
3601;278;Spell;141
3602;278;Spell;112
3603;278;Spell;166
3604;278;Spell;141
3605;278;Spell;112
3606;278;Spell;131
3607;278;Spell;181
3608;278;Spell;166
3609;278;Spell;141
3610;278;Spell;112
3611;278;Spell;131
3612;278;Spell;181
3613;278;Spell;166
3614;278;Spell;141
3615;278;Spell;112
3616;278;Spell;166
3617;278;Spell;112
3618;278;Spell;166
3619;278;Spell;141
3620;278;Spell;112
3621;278;Spell;166
3622;278;Spell;141
3623;278;Spell;112
3624;278;Spell;131
3625;278;Spell;181
3626;278;Spell;166
3627;278;Spell;141
3628;278;Spell;112
3629;278;Spell;131
3630;278;Spell;181
3631;278;Spell;142
3632;278;Spell;167
3633;278;Spell;110
3634;278;Spell;110
3635;278;Spell;142
3636;278;Spell;110
3637;278;Spell;167
3638;278;Spell;110
3639;278;Spell;142
3640;278;Spell;167
3641;278;Spell;110
3642;278;Spell;109
3643;278;Spell;110
3644;278;Spell;167
3645;278;Spell;109
3646;278;Spell;110
3647;278;Spell;167
3648;278;Spell;153
3649;278;Spell;153
3650;278;Spell;125
3651;278;Spell;178
3652;278;Spell;153
3653;278;Spell;125
3654;278;Spell;178
3655;278;Spell;153
3656;278;Spell;125
3657;278;Spell;178
3658;278;Spell;153
3659;278;Spell;153
3660;278;Spell;125
3661;278;Spell;178
3662;278;Spell;153
3663;278;Spell;153
3664;278;Spell;125
3665;278;Spell;178
3666;278;Spell;153
3667;278;Spell;153
3668;278;Spell;125
3669;278;Spell;178
3670;278;Spell;153
3671;278;Spell;125
3672;278;Spell;178
3673;278;Spell;153
3674;278;Spell;125
3675;278;Spell;178
3676;278;Spell;153
3677;278;Spell;125
3678;278;Spell;178
3679;278;Spell;125
3680;278;Spell;153
3681;278;Spell;153
3682;278;Spell;126
3683;278;Spell;178
3684;278;Spell;153
3685;278;Spell;126
3686;278;Spell;178
3687;278;Spell;153
3688;278;Spell;126
3689;278;Spell;178
3690;278;Spell;153
3691;278;Spell;126
3692;278;Spell;178
3693;278;Spell;153
3694;278;Spell;126
3695;278;Spell;178
3696;278;Spell;153
3697;278;Spell;126
3698;278;Spell;178
3699;278;Spell;153
3700;278;Spell;126
3701;278;Spell;178
3702;278;Spell;153
3703;278;Spell;126
3704;278;Spell;178
3705;278;Spell;153
3706;278;Spell;126
3707;278;Spell;178
3708;278;Spell;153
3709;278;Spell;126
3710;278;Spell;178
3711;278;Spell;153
3712;278;Spell;126
3713;278;Spell;178
3714;278;Spell;169
3715;278;Spell;154
3716;278;Spell;127
3717;278;Spell;169
3718;278;Spell;169
3719;278;Spell;154
3720;278;Spell;127
3721;278;Spell;154
3722;278;Spell;169
3723;278;Spell;169
3724;278;Spell;154
3725;278;Spell;127
3726;278;Spell;154
3727;278;Spell;169
3728;278;Spell;169
3729;278;Spell;127
3730;278;Spell;154
3731;278;Spell;169
3732;278;Spell;154
3733;278;Spell;127
3734;278;Spell;154
3735;278;Spell;169
3736;278;Spell;127
3737;278;Spell;154
3738;278;Spell;169
3739;702;Spell;32
3740;278;Spell;169
3741;278;Spell;154
3742;278;Spell;169
3743;278;Spell;154
3744;278;Spell;154
3745;278;Spell;169
3746;278;Spell;169
3747;278;Spell;154
3748;278;Spell;117
3749;278;Spell;117
3750;711;Spell;112
3751;278;Spell;117
3752;278;Spell;144
3753;711;Spell;110
3754;278;Spell;117
3755;278;Spell;144
3756;711;Spell;110
3757;278;Spell;144
3758;278;Spell;144
3759;278;Spell;144
3760;278;Spell;144
3761;278;Spell;170
3762;278;Spell;170
3763;278;Spell;170
3764;278;Spell;170
3765;278;Spell;144
3766;278;Spell;170
3767;278;Spell;170
3768;278;Spell;170
3769;278;Spell;170
3770;278;Spell;170
3771;278;Spell;192
3772;700;Spell;10
3773;278;Spell;192
3774;700;Spell;7
3775;708;Spell;1
3776;700;Spell;3
3777;703;Spell;1
3778;700;Spell;4
3779;404;Spell;1
3780;278;Spell;140
3781;278;Spell;165
3782;700;Spell;5
3783;278;Spell;142
3784;278;Spell;167
3785;278;Spell;110
3786;700;Spell;6
3787;700;Spell;4
3788;700;Spell;3
3789;700;Spell;6
3790;700;Spell;6
3791;700;Spell;5
3792;700;Spell;5
3793;700;Spell;5
3794;700;Spell;5
3795;700;Spell;7
3796;700;Spell;4
3797;703;Spell;1
3798;700;Spell;4
3799;700;Spell;4
3800;700;Spell;5
3801;705;Spell;1
3802;716;Spell;1380
3803;703;Spell;1
3804;700;Spell;3
3805;426;Spell;1
3806;426;Spell;7
3807;426;Spell;8
3808;700;Spell;4
3809;705;Spell;1
3810;716;Spell;633
3811;700;Spell;3
3812;700;Spell;3
3813;700;Spell;5
3814;703;Spell;1
3815;700;Spell;4
3816;706;Spell;1
3817;700;Spell;10
3818;700;Spell;5
3819;705;Spell;1
3820;707;Spell;1
3821;703;Spell;1
3822;700;Spell;10
3823;477;Spell;105
3824;700;Spell;5
3825;703;Spell;1
3826;700;Spell;4
3827;700;Spell;4
3828;710;Spell;1
3829;700;Spell;4
3830;702;Spell;32
3831;700;Spell;4
3832;716;Spell;182
3833;700;Spell;3
3834;700;Spell;5
3835;707;Spell;1
3836;713;Spell;1
3837;700;Spell;10
3838;702;Spell;128
3839;701;Spell;128
3840;702;Spell;4194320
3841;702;Spell;64
3842;717;Spell;4096
3843;709;Spell;1
3844;700;Spell;5
3845;700;Spell;4
3846;701;Spell;128
3847;700;Spell;3
3848;495;Spell;1
3849;495;Spell;1
3850;700;Spell;5
3851;708;Spell;1
3852;703;Spell;1
3853;700;Spell;5
3854;700;Spell;6
3855;708;Spell;1
3856;700;Spell;6
3857;703;Spell;1
3858;700;Spell;3
3859;703;Spell;1
3860;700;Spell;2
3861;705;Spell;1
3862;703;Spell;1
3863;700;Spell;3
3864;700;Spell;5
3865;700;Spell;5
3866;700;Spell;6
3867;700;Spell;5
3868;700;Spell;5
3869;700;Spell;4
3870;700;Spell;4
3871;495;Spell;1
3872;700;Spell;10
3873;700;Spell;5
3874;700;Spell;5
3875;703;Spell;1
3876;700;Spell;5
3877;700;Spell;5
3878;700;Spell;4
3879;716;Spell;304
3880;700;Spell;5
3881;700;Spell;6
3882;700;Spell;5
3883;700;Spell;6
3884;700;Spell;4
3885;704;Spell;1
3886;700;Spell;6
3887;700;Spell;6
3888;278;Spell;117
3889;278;Spell;144
3890;278;Spell;170
3891;278;Spell;144
3892;278;Spell;170
3893;278;Spell;144
3894;702;Spell;4096
3895;278;Spell;144
3896;278;Spell;117
3897;702;Spell;4096
3898;702;Spell;4096
3899;702;Spell;4096
3900;278;Spell;117
3901;278;Spell;144
3902;278;Spell;142
3903;278;Spell;170
3904;702;Spell;4096
3905;278;Spell;146
3906;278;Spell;172
3907;278;Spell;114
3908;278;Spell;180
3909;278;Spell;146
3910;278;Spell;172
3911;278;Spell;114
3912;278;Spell;180
3913;278;Spell;146
3914;278;Spell;172
3915;278;Spell;114
3916;278;Spell;180
3917;278;Spell;146
3918;278;Spell;172
3919;278;Spell;114
3920;278;Spell;180
3921;278;Spell;146
3922;278;Spell;114
3923;278;Spell;172
3924;278;Spell;180
3925;278;Spell;146
3926;278;Spell;172
3927;278;Spell;114
3928;278;Spell;180
3929;278;Spell;146
3930;278;Spell;172
3931;278;Spell;114
3932;278;Spell;180
3933;278;Spell;146
3934;278;Spell;172
3935;278;Spell;114
3936;278;Spell;180
3937;700;Spell;4
3938;278;Spell;146
3939;278;Spell;172
3940;278;Spell;114
3941;278;Spell;180
3942;278;Spell;179
3943;278;Spell;130
3944;702;Spell;64
3945;700;Spell;4
3946;718;Spell;530
3947;278;Spell;184
3948;715;Spell;1
3949;278;Spell;157
3950;702;Spell;64
3951;700;Spell;4
3952;708;Spell;1
3953;278;Spell;157
3954;278;Spell;157
3955;278;Spell;157
3956;278;Spell;157
3957;278;Spell;131
3958;711;Spell;174
3959;278;Spell;131
3960;278;Spell;181
3961;278;Spell;131
3962;278;Spell;158
3963;278;Spell;181
3964;278;Spell;131
3965;278;Spell;158
3966;278;Spell;181
3967;278;Spell;131
3968;278;Spell;158
3969;278;Spell;181
3970;278;Spell;131
3971;278;Spell;158
3972;278;Spell;181
3973;278;Spell;131
3974;278;Spell;158
3975;278;Spell;181
3976;278;Spell;131
3977;278;Spell;158
3978;278;Spell;181
3979;278;Spell;131
3980;278;Spell;158
3981;278;Spell;181
3982;278;Spell;131
3983;278;Spell;158
3984;278;Spell;181
3985;278;Spell;131
3986;278;Spell;158
3987;278;Spell;181
3988;278;Spell;131
3989;278;Spell;158
3990;278;Spell;181
3991;700;Spell;4
3992;278;Spell;195
3993;278;Spell;195
3994;278;Spell;195
3995;278;Spell;130
3996;278;Spell;189
3997;278;Spell;189
