record_id;effect_number;duration;ritual;object_type;raw_argument;modifiers_mask;range_base;range_per_level;range_strength_divisor;area_base;area_per_level;area_battlefield_pct;sound_number;flight_sprite_number;flight_sprite_length;explosion_sprite_number;explosion_sprite_length;test
1;2;;0;Weapon;0;2097152;0;0;;0;0;;0;;;;
2;2;;0;Weapon;3;274880004097;0;0;;0;0;;12;;;;
3;2;;0;Weapon;5;274880004099;0;0;;0;0;;12;;;;
4;2;;0;Weapon;7;274880004097;0;0;;0;0;;12;;;;
5;2;;0;Weapon;6;414600658945;0;0;;0;0;;12;;;;
6;2;;0;Weapon;10;1374391631875;0;0;;0;0;;12;;;;
7;2;;0;Weapon;5;1374391631873;0;0;;0;0;;7;;;;
8;2;;0;Weapon;3;549757911043;0;0;;0;0;;12;;;;
9;2;;0;Weapon;6;1099513724929;0;0;;0;0;;8;;;;
10;2;;0;Weapon;2;274880004097;0;0;;0;0;;7;;;;
11;2;;0;Weapon;7;1099513724929;0;0;;0;0;;8;;;;
12;2;;0;Weapon;9;1099513724931;0;0;;0;0;;8;;;;
13;2;;0;Weapon;5;549757911041;0;0;;0;0;;7;;;;
14;2;;0;Weapon;7;824635817985;0;0;;0;0;;7;;;;
15;2;;0;Weapon;9;549757911043;0;0;;0;0;;11;;;;
16;2;;0;Weapon;6;824635817989;0;0;;0;0;;11;;;;
17;2;;0;Weapon;3;549757911047;0;0;;0;0;;11;;;;
18;2;;0;Weapon;7;1099513724929;0;0;;0;0;;10;;;;
19;2;;0;Weapon;9;1099513724931;0;0;;0;0;;11;;;;
20;2;;0;Weapon;15;1099647942656;0;0;;0;0;;38;;;;
21;2;;0;Weapon;2;1099647942657;0;0;;0;0;;38;;;;
22;2;;0;Weapon;2;274880004097;;;1;0;0;;19;110;1;;
23;2;;0;Weapon;8;549757911040;20;0;;0;0;;15;111;1;;
24;2;;0;Weapon;9;274880004098;30;0;;0;0;;14;109;1;;
25;2;;0;Weapon;12;274880004098;40;0;;0;0;;14;109;1;;
26;2;;0;Weapon;11;274880004162;35;0;;0;0;;13;109;1;;
27;2;;0;Weapon;15;274880004162;45;0;;0;0;;13;109;1;;
28;2;;0;Weapon;10;549757911043;;;3;0;0;;11;100;1;;
29;2;;0;Weapon;3;274880004097;0;0;;0;0;;12;;;;
30;2;;0;Weapon;0;1099513724929;0;0;;0;0;;38;;;;
31;2;;0;Weapon;-2;275014221825;0;0;;0;0;;50;;;;
32;2;;0;Weapon;2;274880004097;0;0;;0;0;;12;;;;
33;2;;0;Weapon;1;274880004097;0;0;;0;0;;7;;;;
34;2;;0;Weapon;0;1099513724929;0;0;;0;0;;38;;;;
35;109;;0;Weapon;0;274880004097;8;0;;0;0;;46;403;1;;
36;2;;0;Weapon;1;274877906945;0;0;;0;0;;7;;;;
37;2;;0;Weapon;3;277025390593;0;0;;0;0;;12;;;;
38;2;;0;Weapon;5;1099511627777;0;0;;0;0;;7;;;;
39;2;;0;Weapon;-4;275012124673;0;0;;0;0;;50;;;;
40;2;;0;Weapon;0;0;0;0;;0;0;;0;;;;
41;109;;0;Weapon;-1;1099513724929;0;0;;0;0;;9;;;;
42;2;;0;Weapon;9;1099511627779;0;0;;0;0;;8;;;;
43;2;;0;Weapon;6;1099511627777;0;0;;0;0;;8;;;;
44;2;;0;Weapon;0;1099513724929;0;0;;0;0;;38;;;;
45;2;;0;Weapon;5;549755813889;0;0;;0;0;;10;;;;
46;2;;0;Weapon;4;549757911041;0;0;;0;0;;10;;;;
47;2;;0;Weapon;9;1374391631875;0;0;;0;0;;12;;;;
48;2;;0;Weapon;20;1099647942656;0;0;;0;0;;38;;;;
49;2;;0;Weapon;20;134217824;0;0;;1;0;;16;;;;
50;2;;0;Weapon;8;274880004097;0;0;;0;0;;12;;;;
51;7;;0;Weapon;5;8320;0;0;;0;0;;0;;;;
52;7;;0;Weapon;15;8320;0;0;;0;0;;0;;;;
53;7;;0;Weapon;35;8320;0;0;;0;0;;0;;;;
54;46;;0;Weapon;20;12416;0;0;;0;0;;0;;;;
55;46;;0;Weapon;50;12416;0;0;;0;0;;0;;;;
56;2;;0;Weapon;0;549892128769;0;0;;0;0;;38;;;;
57;2;;0;Weapon;13;549892128768;0;0;;0;0;;38;;;;
58;2;;0;Weapon;5;1099513724929;0;0;;0;0;;8;;;;
59;2;;0;Weapon;999;35321811046400;0;0;;1;0;;20;;;;
60;2;;0;Weapon;10;36029346774777984;0;0;;0;0;;10;;;;
61;4;;0;Weapon;2;0;0;0;;5;0;;0;;;;
62;2;;0;Weapon;0;9007199254741089;;;2;1;0;;16;10073;0;10133;5
63;7;;0;Weapon;20;8320;;;2;3;0;;50;10079;0;10139;5
64;103;;0;Weapon;0;65;0;0;;0;0;;18;;;;
65;11;;0;Weapon;256;20480;0;0;;0;0;;0;;;;
66;2;;0;Weapon;-2;275014221825;0;0;;0;0;;50;;;;
67;2;;0;Weapon;7;1099513724929;0;0;;0;0;;11;;;;
68;2;;0;Weapon;0;4097;0;0;;0;0;;10;;;;
69;2;;0;Weapon;-2;275012124673;0;0;;0;0;;38;;;;
70;2;;0;Weapon;2;274877906945;0;0;;0;0;;38;;;;
71;2;;0;Weapon;0;1099511627905;0;0;;0;0;;38;;;;
72;3;;0;Weapon;33;671092736;0;0;;0;0;;87;;;;
73;2;;0;Weapon;13;1099511627779;0;0;;0;0;;8;;;;
74;2;;0;Weapon;8;36028797019488384;0;0;;5;0;;0;;;10140;5
75;2;;0;Weapon;8;1099511627841;0;0;;0;0;;8;;;;
76;2;;0;Weapon;9;1099511627777;0;0;;0;0;;8;;;;
77;2;;0;Weapon;12;1099511627777;0;0;;0;0;;8;;;;
78;2;;0;Weapon;10;1099511627777;0;0;;0;0;;8;;;;
79;2;;0;Weapon;6;274877907009;0;0;;0;0;;12;;;;
80;2;;0;Weapon;5;274877906945;0;0;;0;0;;12;;;;
81;2;;0;Weapon;12;1099511627841;0;0;;0;0;;8;;;;
82;2;;0;Weapon;5;549755813891;0;0;;0;0;;12;;;;
83;2;;0;Weapon;16;1099511627777;0;0;;0;0;;8;;;;
84;2;;0;Weapon;10;274877906947;0;0;;0;0;;12;;;;
85;2;;0;Weapon;22;1099511627841;0;0;;0;0;;16;;;;
86;2;;0;Weapon;-5;136314945;0;0;;0;0;;12;;;;
87;66;;0;Weapon;12;142758016;100;0;;0;0;;22;;;10153;9
88;2;;0;Weapon;10;1099511627777;0;0;;0;0;;8;;;;
89;3;;0;Weapon;110;128;0;0;;0;0;;0;;;;
90;2;;0;Weapon;5;824633720835;0;0;;0;0;;50;;;;
91;2;;0;Weapon;0;549757911105;0;0;;0;0;;38;;;;
92;3;;0;Weapon;0;65;0;0;;0;0;;0;;;;
93;2;;0;Weapon;-2;549757911041;0;0;;0;0;;38;;;;
94;2;;0;Weapon;14;9007199254741568;;;2;3;0;;21;10068;0;10128;5
95;2;;0;Weapon;16;275014221824;0;0;;0;0;;12;;;;
96;24;;0;Weapon;13;1099511627843;0;0;;0;0;;8;;;;
97;2;;0;Weapon;13;275014221824;0;0;;0;0;;12;;;;
98;2;;0;Weapon;8;1374389534721;0;0;;0;0;;8;;;;
99;11;;0;Weapon;8;524288;0;0;;0;0;;0;;;;
100;2;;0;Weapon;3;274877906945;0;0;;0;0;;7;;;;
101;2;;0;Weapon;1;549757911043;0;0;;0;0;;12;;;;
102;104;;0;Weapon;4;274877906945;0;0;;0;0;;7;;;;
103;2;;0;Weapon;7;1374389534721;0;0;;0;0;;7;;;;
104;2;;0;Weapon;10;1099511627779;0;0;;0;0;;8;;;;
105;99;;0;Weapon;999;4224;0;0;;5;0;;0;;;39;5
106;2;;0;Weapon;3;549755813891;0;0;;0;0;;12;;;;
107;2;;0;Weapon;9;1099511627777;0;0;;0;0;;8;;;;
108;2;;0;Weapon;16;1374389534723;0;0;;0;0;;12;;;;
109;2;;0;Weapon;12;1099511627843;0;0;;0;0;;8;;;;
110;24;;0;Weapon;6;274877906945;0;0;;0;0;;12;;;;
111;104;;0;Weapon;9;1099511627779;0;0;;0;0;;8;;;;
112;2;;0;Weapon;8;1099511627777;0;0;;0;0;;8;;;;
113;2;;0;Weapon;999;36028797555839104;0;0;;0;0;;0;;;;
114;2;;0;Weapon;15;1099511627779;0;0;;0;0;;24;;;;
115;2;;0;Weapon;8;2176;0;0;;1;0;;0;;;10245;5
116;2;;0;Weapon;8;549755813889;0;0;;0;0;;10;;;;
117;2;;0;Weapon;-2;549757911105;0;0;;0;0;;38;;;;
118;2;;0;Weapon;4;274877906945;0;0;;0;0;;7;;;;
119;11;;0;Weapon;2;0;0;0;;0;0;;0;;;;
120;2;;0;Weapon;37;549755813890;0;0;;0;0;;11;;;;
121;2;;0;Weapon;7;274877906945;0;0;;0;0;;12;;;;
122;2;;0;Weapon;19;275012124672;0;0;;0;0;;12;;;;
123;2;;0;Weapon;16;1099511627779;0;0;;1;0;;8;;;;
124;2;;0;Weapon;5;274877906945;25;0;;0;0;;19;110;1;;
125;2;;0;Weapon;3;549755813891;0;0;;0;0;;10;;;;
126;11;;0;Weapon;16777216;0;0;0;;1;0;;0;;;;
127;2;;0;Weapon;2;274880004097;0;0;;0;0;;7;;;;
128;2;;0;Weapon;-2;275012124673;0;0;;0;0;;38;;;;
129;2;;0;Weapon;3;549755813891;0;0;;0;0;;10;;;;
130;2;;0;Weapon;2;274877907073;0;0;;0;0;;7;;;;
131;2;;0;Weapon;25;549755813891;0;0;;0;0;;11;;;;
132;2;;0;Weapon;10;576;30;0;;1;0;;21;10094;5;10102;5
133;32;;0;Weapon;12;1099511627779;0;0;;0;0;;8;;;;
134;33;;0;Weapon;13;549755813891;0;0;;0;0;;11;;;;
135;2;;0;Weapon;4;549755813985;0;0;;0;0;;10;;;;
136;2;;0;Weapon;12;274877906947;0;0;;0;0;;12;;;;
137;109;;0;Weapon;0;1099511627777;0;0;;0;0;;9;;;;
138;11;;0;Weapon;64;0;0;0;;0;0;;0;;;;
139;2;;0;Weapon;9;1099511627776;0;0;;0;0;;9;;;;
140;4;;0;Weapon;10;128;0;0;;0;0;;0;;;;
141;109;;0;Weapon;1;1099511627777;0;0;;0;0;;9;;;;
142;7;;0;Weapon;0;136323137;10;0;;0;0;;0;214;4;;
143;2;;0;Weapon;0;2097153;0;0;;0;0;;38;;;;
144;11;;0;Weapon;1;536870912;0;0;;0;0;;0;;;;
145;2;;0;Weapon;0;275014221825;0;0;;0;0;;12;;;;
146;24;;0;Weapon;5;64;23;0;;5;0;;0;;;10220;5
147;2;;0;Weapon;0;1099513724929;0;0;;0;0;;0;;;;
148;7;;0;Weapon;15;134226048;;;1;1;0;;0;10096;5;10177;5
149;2;;0;Weapon;0;1099513724929;0;0;;0;0;;38;;;;
150;2;;0;Weapon;14;1099511627777;0;0;;0;0;;8;;;;
151;11;;0;Weapon;8388608;0;0;0;;0;0;;0;;;;
152;2;;0;Weapon;-2;549755813889;0;0;;0;0;;10;;;;
153;2;;0;Weapon;15;274877906946;45;0;;0;0;;14;109;1;;
154;2;;0;Weapon;2;549757911043;0;0;;0;0;;12;;;;
155;2;;0;Weapon;11;274880004098;35;0;;0;0;;14;109;1;;
156;2;;0;Weapon;15;274877906946;40;0;;0;0;;14;109;0;;
157;11;;0;Weapon;33554432;131072;0;0;;0;0;;0;;;;
158;2;;0;Weapon;5;549755813891;0;0;;0;0;;10;;;;
159;2;;0;Weapon;10;549755813895;0;0;;0;0;;11;;;;
160;4;;0;Weapon;10;128;0;0;;0;0;;0;;;;
161;3;;0;Weapon;20;35184506307136;0;0;;0;0;;0;;;185;4
162;24;;0;Weapon;15;274877907010;35;0;;0;0;;13;109;1;;
163;2;;0;Weapon;28;1;0;0;;0;0;;11;;;;
164;2;;0;Weapon;3;549755813889;0;0;;0;0;;10;;;;
165;2;;0;Weapon;0;0;0;0;;0;0;;0;;;;
166;2;;0;Weapon;7;549757911043;0;0;;0;0;;11;;;;
167;2;;0;Weapon;2;1099511627777;0;0;;0;0;;38;;;;
168;7;2;0;Weapon;5;2105472;15;0;;1;0;;15;111;0;;
169;2;;0;Weapon;12;274886295682;35;0;;0;0;;13;109;0;;
170;2;;0;Weapon;29;1099511627907;0;0;;0;0;;11;;;;
171;2;;0;Weapon;15;1099511627779;0;0;;0;0;;8;;;;
172;2;;0;Weapon;14;96;0;0;;1;0;;0;;;10113;5
173;2;;0;Weapon;0;549755813889;0;0;;0;0;;10;;;;
174;2;;0;Weapon;12;549755813893;0;0;;0;0;;11;;;;
175;123;;0;Weapon;10;128;0;0;;0;0;;0;;;;
176;2;;0;Weapon;0;549890031617;0;0;;0;0;;38;;;;
177;2;;0;Weapon;9;549890031616;0;0;;0;0;;7;;;;
178;2;;0;Weapon;3;275012124800;0;0;;0;0;;38;;;;
179;2;;0;Weapon;9;1099511627777;0;0;;0;0;;8;;;;
180;2;;0;Weapon;13;1099511627777;0;0;;0;0;;8;;;;
181;2;;0;Weapon;999;274886299778;35;0;;0;0;;13;109;0;;
182;2;;0;Weapon;10;1099511627779;0;0;;0;0;;8;;;;
183;2;;0;Weapon;-3;549892128769;0;0;;0;0;;38;;;;
184;7;2;0;Weapon;5;8320;0;0;;4;0;;12;;;10156;5
185;2;;0;Weapon;20;549755813891;0;0;;0;0;;11;;;;
186;2;;0;Weapon;6;134219904;0;0;;0;0;;24;;;;
187;2;;0;Weapon;12;1099511627841;0;0;;0;0;;8;;;;
188;2;;0;Weapon;5;1099511627841;0;0;;0;0;;7;;;;
189;2;;0;Weapon;5;549755813893;0;0;;0;0;;11;;;;
190;28;;0;Weapon;999;4224;0;0;;0;0;;0;;;227;5
191;2;;0;Weapon;0;1099511631873;0;0;;0;0;;10;;;;
192;2;;0;Weapon;15;1099511627777;0;0;;0;0;;8;;;;
193;2;;0;Weapon;15;576;0;0;;1;0;;0;;;10108;5
194;2;;0;Weapon;13;274877906945;0;0;;0;0;;12;;;;
195;2;;0;Weapon;999;135296;0;0;;0;0;;0;;;10206;5
196;2;;0;Weapon;17;1099511627779;0;0;;0;0;;8;;;;
197;2;;0;Weapon;10;36028797018968192;0;0;;5;0;;0;;;10215;5
198;2;;0;Weapon;15;45035996416446592;20;0;;5;0;;23;;;10221;5
199;2;;0;Weapon;10;96;0;0;;0;0;;16;;;;
200;2;;0;Weapon;9;274877906946;30;0;;0;0;;14;274;4;;
201;11;;0;Weapon;256;4096;0;0;;0;0;;16;;;;
202;2;;0;Weapon;5;274877906945;0;0;;0;0;;12;;;;
203;2;;0;Weapon;7;1099511627777;0;0;;0;0;;8;;;;
204;2;;0;Weapon;-2;275012124673;0;0;;0;0;;38;;;;
205;2;;0;Weapon;22;1099647942656;0;0;;0;0;;38;;;;
206;2;;0;Weapon;6;1099511627777;0;0;;0;0;;8;;;;
207;2;;0;Weapon;25;274880004162;70;0;;0;0;;13;308;1;;
208;2;;0;Weapon;0;1099511627777;0;0;;0;0;;38;;;;
209;2;;0;Weapon;10;2176;0;0;;0;0;;9;;;;
210;2;;0;Weapon;2;274877906945;;;1;0;0;;19;354;4;;
211;2;;0;Weapon;8;274877906944;20;0;;0;0;;15;358;4;;
212;2;;0;Weapon;9;274877906946;30;0;;0;0;;14;350;4;;
213;2;;0;Weapon;12;274877906946;40;0;;0;0;;14;350;4;;
214;2;;0;Weapon;11;274877907010;35;0;;0;0;;13;350;4;;
215;2;;0;Weapon;15;274877907010;45;0;;0;0;;13;350;4;;
216;2;;0;Weapon;20;549755813891;;;3;0;0;;11;362;4;;
217;2;;0;Weapon;8;96;0;0;;0;0;;0;;;;
218;2;;0;Weapon;10;274877906946;35;0;;0;0;;14;350;4;;
219;2;;0;Weapon;10;549755813893;0;0;;0;0;;11;;;;
220;11;;0;Weapon;131072;4096;0;0;;1;0;;0;;;;
221;2;;0;Weapon;9;274877906947;0;0;;0;0;;12;;;;
222;2;;0;Weapon;12;35321811042400;0;0;;0;0;;0;;;;
223;3;;0;Weapon;12;35321811042880;0;0;;0;0;;0;;;;
224;2;;0;Weapon;2;1099647942657;0;0;;0;0;;38;;;;
225;7;;0;Weapon;10;8320;;;1;0;0;;12;214;4;;
226;2;;0;Weapon;15;9007199254741088;10;0;;1;0;;16;10073;0;10133;5
227;2;;0;Weapon;9;9007199254741568;10;0;;2;0;;21;10068;0;10128;5
228;24;;0;Weapon;5;96;0;0;;0;0;;0;;;;
229;3;;0;Weapon;100;274877911168;30;0;;0;0;;29;10271;5;10272;5
230;2;;0;Weapon;0;137573171297;0;0;;1;0;;16;;;;
231;2;;0;Weapon;13;1099647942656;0;0;;0;0;;7;;;;
232;2;;0;Weapon;-2;549755813889;0;0;;0;0;;24;;;;
233;2;;0;Weapon;10;2176;0;0;;0;0;;0;;;;
234;2;;0;Weapon;7;549755813889;0;0;;0;0;;7;;;;
235;2;;0;Weapon;3;274880004097;0;0;;0;0;;12;;;;
236;2;;0;Weapon;1;2097153;0;0;;0;0;;38;;;;
237;2;;0;Weapon;16;1099647942656;0;0;;0;0;;38;;;;
238;2;;0;Weapon;18;1099647942656;0;0;;0;0;;38;;;;
239;2;;0;Weapon;3;549755813891;0;0;;0;0;;12;;;;
240;2;;0;Weapon;-2;275014221825;0;0;;0;0;;50;;;;
241;2;;0;Weapon;0;35734129999873;0;0;;0;0;;38;;;;
242;104;;0;Weapon;9;1099511627779;0;0;;0;0;;8;;;;
243;2;;0;Weapon;3;274877907009;0;0;;0;0;;7;;;;
244;2;;0;Weapon;0;8407169;30;0;;0;0;;24;210;4;10219;5
245;2;;0;Weapon;15;1099511627843;0;0;;0;0;;8;;;;
246;2;;0;Weapon;10;1099511627841;0;0;;0;0;;10;;;;
247;2;;0;Weapon;12;1099511627841;0;0;;0;0;;10;;;;
248;2;;0;Weapon;999;36028797018968208;0;0;;0;0;;10;;;;
249;2;;0;Weapon;0;1099513724929;0;0;;0;0;;0;;;;
250;2;;0;Weapon;0;1099513724929;0;0;;0;0;;0;;;;
251;2;;0;Weapon;0;1099513724929;0;0;;0;0;;38;;;;
252;2;;0;Weapon;-2;275014221825;0;0;;0;0;;50;;;;
253;2;;0;Weapon;3;549757911041;0;0;;0;0;;12;;;;
254;2;;0;Weapon;5;1099513724929;0;0;;0;0;;7;;;;
255;11;;0;Weapon;1;9007199791616000;;;1;10;0;;50;10080;0;10223;5
256;4;;0;Weapon;4;128;0;0;;10;0;;0;;;;
257;2;;0;Weapon;3;274880004097;0;0;;0;0;;7;;;;
258;2;;0;Weapon;6;1099513724931;0;0;;0;0;;12;;;;
259;2;;0;Weapon;10;1099513724931;0;0;;0;0;;8;;;;
260;2;;0;Weapon;10;1099513724931;0;0;;0;0;;11;;;;
261;2;;0;Weapon;5;1099513724929;;;1;0;0;;19;411;4;;
262;11;;0;Weapon;536870912;4535621779456;0;0;;0;0;;38;;;;
263;11;;0;Weapon;536870912;4398182825984;8;0;;1;0;;0;416;3;;
264;11;;0;Weapon;536870912;4535621779456;0;0;;0;0;;0;;;;
265;2;;0;Weapon;11;274880004098;35;0;;0;0;;14;109;1;;
266;2;;0;Weapon;4;824635817985;0;0;;0;0;;12;;;;
267;2;;0;Weapon;14;274880004098;45;0;;0;0;;14;109;1;;
268;2;;0;Weapon;8;274880004099;0;0;;0;0;;10;;;;
269;2;;0;Weapon;9;1099513724929;0;0;;0;0;;8;;;;
270;103;;0;Weapon;0;35321811177601;0;0;;1;0;;18;;;;
271;103;;0;Weapon;999;35321811177600;0;0;;0;0;;18;;;;
272;103;;0;Weapon;10;134217792;0;0;;0;0;;18;;;;
273;2;;0;Weapon;20;1099511627904;0;0;;0;0;;38;;;;
274;2;;0;Weapon;1;136314945;0;0;;0;0;;38;;;;
275;28;;0;Weapon;999;142757888;25;0;;0;0;;41;;;10208;5
276;24;;0;Weapon;15;1099511627777;0;0;;0;0;;8;;;;
277;24;;0;Weapon;6;96;0;0;;1;0;;0;;;10113;5
278;109;;0;Weapon;2;1099511627777;0;0;;0;0;;9;;;;
279;2;;0;Weapon;4;274877906945;0;0;;0;0;;24;;;;
280;2;;0;Weapon;2;274877911041;;;1;0;0;;19;110;1;;
281;2;;0;Weapon;3;274877911041;0;0;;0;0;;12;;;;
282;2;;0;Weapon;5;1099511631873;0;0;;0;0;;7;;;;
283;66;;0;Weapon;5;536875136;0;0;;0;0;;18;;;;
284;66;;0;Weapon;10;536875136;0;0;;0;0;;18;;;;
285;2;;0;Weapon;0;4225;0;0;;0;0;;18;;;;
286;67;;0;Weapon;2;536875136;0;0;;0;0;;0;;;;
287;2;;0;Weapon;0;1;0;0;;0;0;;18;;;;
288;2;;0;Weapon;9;274877911043;30;0;;0;0;;14;109;0;1;0
289;2;;0;Weapon;7;1649269538819;0;0;;0;0;;11;;;;
290;73;;0;Weapon;11;1099511627779;0;0;;0;0;;10;;;;
291;73;;0;Weapon;6;274877906945;0;0;;0;0;;10;;;;
292;2;;0;Weapon;6;96;0;0;;0;0;;0;;;;
293;2;;0;Weapon;6;35184372088928;0;0;;0;0;;0;;;;
294;2;;0;Weapon;1;151680;0;0;;0;0;;0;;;;
295;67;;0;Weapon;2;536875136;30;0;;0;0;;18;;;10154;9
296;2;;0;Weapon;8;274877907009;0;0;;0;0;;10;;;;
297;74;;0;Weapon;8;274877907009;0;0;;0;0;;10;;;;
298;2;;0;Weapon;4;274877907009;0;0;;0;0;;7;;;;
299;2;;0;Weapon;5;549755813893;0;0;;0;0;;11;;;;
300;2;;0;Weapon;7;1099511627777;0;0;;0;0;;8;;;;
301;2;;0;Weapon;0;549757911041;0;0;;0;0;;38;;;;
302;2;;0;Weapon;0;549755813889;;;1;0;0;;19;424;4;;
303;11;;0;Weapon;65536;0;0;0;;0;0;;0;;;;
304;2;;0;Weapon;8;274877906946;30;0;;0;0;;19;419;1;;
305;2;;0;Weapon;9;549755813893;0;0;;0;0;;11;;;;
306;2;;0;Weapon;12;96;0;0;;0;0;;0;;;;
307;67;;0;Weapon;2;536871040;0;0;;0;0;;0;;;;
308;2;;0;Weapon;9;1099513724931;0;0;;0;0;;11;;;;
309;2;;0;Weapon;10;1374391631875;0;0;;0;0;;12;;;;
310;2;;0;Weapon;1;274877906945;0;0;;0;0;;7;;;;
311;2;;0;Weapon;12;1099511627777;0;0;;0;0;;12;;;;
312;66;;0;Weapon;10;142758016;100;0;;0;0;;22;;;10153;9
313;2;;0;Weapon;3;274877906945;0;0;;0;0;;8;;;;
314;2;;0;Weapon;14;275014221824;0;0;;0;0;;50;;;;
315;2;;0;Weapon;16;275014221824;0;0;;0;0;;50;;;;
316;2;;0;Weapon;5;274880004097;0;0;;0;0;;12;;;;
317;7;;0;Weapon;35;2105344;0;0;;0;0;;0;;;;
318;2;;0;Weapon;1;549757911041;0;0;;0;0;;12;;;;
319;2;;0;Weapon;3;824633720835;0;0;;0;0;;50;;;;
320;2;;0;Weapon;2;1099647942721;0;0;;0;0;;79;;;;
321;2;;0;Weapon;-2;549755813889;0;0;;0;0;;24;;;;
322;2;;0;Weapon;0;16481;30;0;;0;0;;24;10182;4;;
323;2;;0;Weapon;2;1099647942657;0;0;;0;0;;78;;;;
324;2;;0;Weapon;2;1099647942657;0;0;;0;0;;83;;;;
325;7;;0;Weapon;10;8320;;;1;0;0;;83;214;4;;
326;2;;0;Weapon;-2;275014221825;0;0;;0;0;;85;;;;
327;2;;0;Weapon;3;549757911041;0;0;;0;0;;12;;;;
328;2;;0;Weapon;10;549755813889;0;0;;0;0;;10;;;;
329;96;;0;Weapon;20;128;0;0;;0;0;;10;;;;
330;11;;0;Weapon;134217728;4224;0;0;;0;0;;87;;;;
331;2;;0;Weapon;14;275012124672;0;0;;0;0;;38;;;;
332;2;;0;Weapon;0;1099647942657;0;0;;0;0;;38;;;;
333;2;;0;Weapon;16;274877907074;45;0;;0;0;;13;109;1;;
334;11;;0;Weapon;524288;0;0;0;;0;0;;0;;;;
335;2;;0;Weapon;10;3;0;0;;0;0;;10;;;;
336;11;;0;Weapon;1073741824;0;0;0;;0;0;;0;;;;
337;2;;0;Weapon;3;274877907009;0;0;;0;0;;7;;;;
338;7;;0;Weapon;75;8320;0;0;;0;0;;0;;;;
339;2;;0;Weapon;20;549892128768;0;0;;0;0;;38;;;;
340;2;;0;Weapon;7;549755813891;0;0;;0;0;;11;;;;
341;2;;0;Weapon;14;1099511627777;0;0;;0;0;;10;;;;
342;2;;0;Weapon;12;1099511627777;0;0;;0;0;;10;;;;
343;7;2;0;Weapon;5;35321945268352;0;0;;2;0;;12;;;10235;5
344;2;;0;Weapon;4;1099513724929;0;0;;0;0;;38;;;;
345;24;;0;Weapon;8;1099511627777;0;0;;0;0;;8;;;;
346;3;;0;Weapon;0;1;0;0;;0;0;;87;;;;
347;2;;0;Weapon;-5;549757911041;0;0;;0;0;;38;;;;
348;2;;0;Weapon;3;549757911045;0;0;;0;0;;11;;;;
349;2;;0;Weapon;0;134217793;0;0;;1;0;;16;;;;
350;11;;0;Weapon;256;524288;0;0;;1;0;;0;;;;
351;2;;0;Weapon;12;134217824;0;0;;1;0;;16;;;;
352;2;;0;Weapon;3;274880004099;0;0;;0;0;;12;;;;
353;2;;0;Weapon;13;1099647942656;0;0;;0;0;;38;;;;
354;2;;0;Weapon;16;549892128768;0;0;;0;0;;38;;;;
355;2;;0;Weapon;16;1099647942656;0;0;;0;0;;38;;;;
356;2;;0;Weapon;0;35459386310721;0;0;;0;0;;7;;;;
357;2;;0;Weapon;11;274877906946;35;0;;0;0;;14;350;4;;
358;2;;0;Weapon;3;277027487745;0;0;;0;0;;12;;;;
359;2;;0;Weapon;-4;275014221825;0;0;;0;0;;50;;;;
360;2;;0;Weapon;-2;275014221825;0;0;;0;0;;50;;;;
361;2;;0;Weapon;-3;549757911041;;;1;0;0;;15;111;1;;
362;2;;0;Weapon;6;274880004098;20;0;;0;0;;14;109;1;;
363;2;;0;Weapon;4;1099513724929;;;1;0;0;;15;442;1;;
364;2;;0;Weapon;8;549757911043;0;0;;0;0;;11;;;;
365;504;;0;Weapon;255;35321945264128;0;0;;1;0;;11;;;;
366;2;;0;Weapon;3;549755813895;0;0;;0;0;;11;;;;
367;504;;0;Weapon;255;35321811042304;0;0;;0;0;;0;;;;
368;600;;0;Weapon;261;0;0;0;;0;0;;0;;;;
369;601;;0;Weapon;261;8732557312;50;0;;0;0;;0;;;10201;5
370;11;;0;Weapon;2;142622720;50;0;;0;0;;0;;;10200;5
371;11;;0;Weapon;33554432;8732561408;50;0;;0;0;;22;;;10239;5
372;103;;0;Weapon;0;8732692609;50;0;;1;0;;18;;;10240;5
373;2;;0;Weapon;11;274880004098;35;0;;0;0;;14;109;1;;
374;2;;0;Weapon;2;274880004097;0;0;;0;0;;12;;;;
375;2;;0;Weapon;8;1099511627777;0;0;;0;0;;12;;;;
376;2;;0;Weapon;11;1099647942656;0;0;;0;0;;38;;;;
377;2;;0;Weapon;4;274880004099;0;0;;0;0;;12;;;;
378;2;;0;Weapon;5;1374391631873;0;0;;0;0;;7;;;;
379;2;;0;Weapon;6;1374391631875;0;0;;0;0;;8;;;;
380;2;;0;Weapon;8;1099513724931;0;0;;0;0;;8;;;;
381;2;;0;Weapon;10;1099513724931;0;0;;0;0;;12;;;;
382;2;;0;Weapon;5;1099513724929;0;0;;0;0;;7;;;;
383;2;;0;Weapon;1;274880004097;;;1;0;0;;15;435;4;;
384;2;;0;Weapon;-3;97;20;0;;0;0;;16;10182;4;;
385;103;;0;Weapon;5;128;0;0;;0;0;;0;;;;
386;103;;0;Weapon;10;128;0;0;;0;0;;0;;;;
387;2;;0;Weapon;0;549755813953;0;0;;0;0;;10;;;;
388;3;;0;Weapon;30;4096;0;0;;0;0;;38;;;;
389;2;;0;Weapon;3;274877906945;0;0;;0;0;;12;;;;
390;2;;0;Weapon;7;274877906945;0;0;;0;0;;12;;;;
391;2;;0;Weapon;4;549755813893;0;0;;0;0;;11;;;;
392;2;;0;Weapon;9;274877907012;0;0;;0;0;;11;;;;
393;2;;0;Weapon;4;549755813889;0;0;;0;0;;11;;;;
394;2;;0;Weapon;0;1;0;0;;0;0;;18;;;;
395;11;;0;Weapon;258;0;0;0;;0;0;;0;;;;
396;2;;0;Weapon;12;1099511627841;0;0;;0;0;;8;;;;
397;2;;0;Weapon;5;536875136;0;0;;5;0;;0;;;10215;5
398;2;;0;Weapon;0;549892128769;0;0;;0;0;;38;;;;
399;2;;0;Weapon;-10;275014221825;0;0;;0;0;;50;;;;
400;2;;0;Weapon;2;1099647942657;0;0;;0;0;;78;;;;
401;2;;0;Weapon;2;36028797153181697;0;0;;0;0;;78;;;;
402;2;;0;Weapon;999;131200;0;0;;0;0;;18;;;;
403;24;;0;Weapon;4;549755813895;0;0;;0;0;;11;;;;
404;11;;0;Weapon;128;142757888;25;0;;0;0;;41;;;10208;5
405;2;;0;Weapon;0;1099647942657;0;0;;0;0;;38;;;;
406;2;;0;Weapon;6;274877906946;20;0;;0;0;;14;109;1;;
407;2;;0;Weapon;4;1099511627777;;;1;0;0;;15;111;1;;
408;2;;0;Weapon;1;274877906945;;;1;0;0;;15;411;4;;
409;2;;0;Weapon;0;1099647942657;0;0;;0;0;;38;;;;
410;2;;0;Weapon;12;576;0;0;;1;0;;0;;;10105;5
411;2;;0;Weapon;0;549755814017;0;0;;0;0;;10;;;;
412;3;;0;Weapon;10;128;0;0;;1;0;;0;;;10105;5
413;2;;0;Weapon;12;1099511627777;0;0;;0;0;;10;;;;
414;3;;0;Weapon;20;128;0;0;;0;0;;10;;;;
415;11;;0;Weapon;1;4224;0;0;;0;0;;10;;;;
416;2;;0;Weapon;-5;1099645845505;0;0;;0;0;;12;;;;
417;11;;0;Weapon;131072;134217728;0;0;;0;0;;38;;;;
418;2;;0;Weapon;22;1099647942656;0;0;;0;0;;38;;;;
419;2;;0;Weapon;0;1099511627905;0;0;;1;0;;38;;;;
420;2;;0;Weapon;-3;18561;30;0;;0;0;;24;210;4;10245;5
421;2;;0;Weapon;-3;549757911105;0;0;;0;0;;38;;;;
422;11;;0;Weapon;262144;0;0;0;;0;0;;0;;;;
423;2;;0;Weapon;0;20609;50;0;;0;0;;24;;;10219;5
424;2;;0;Weapon;0;275014221825;0;0;;0;0;;12;;;;
425;2;;0;Weapon;8;549757911041;;;3;0;0;;11;100;1;;
426;2;;0;Weapon;8;549755813891;;;3;0;0;;11;362;4;;
427;2;;0;Weapon;11;1099511627779;0;0;;0;0;;12;;;;
428;2;;0;Weapon;7;549757911043;0;0;;0;0;;12;;;;
429;2;;0;Weapon;4;549757911041;0;0;;0;0;;8;;;;
430;2;;0;Weapon;9;549757911043;0;0;;0;0;;11;;;;
431;2;;0;Weapon;16;1374389534723;0;0;;0;0;;12;;;;
432;11;;0;Weapon;2;16384;0;0;;1;0;;0;;;10060;5
433;11;;0;Weapon;256;20480;0;0;;1;0;;0;;;;
434;2;;0;Weapon;5;274877906945;0;0;;0;0;;12;;;;
435;2;;0;Weapon;13;274877907010;35;0;;0;0;;13;274;4;10124;5
436;11;;0;Weapon;256;20480;0;0;;3;0;;0;;;;
437;107;;0;Weapon;17;1099511627779;0;0;;0;0;;8;;;;
438;2;;0;Weapon;12;275014221824;0;0;;0;0;;12;;;;
439;2;;0;Weapon;14;274877906946;40;0;;0;0;;14;109;0;;
440;2;;0;Weapon;12;274877906946;35;0;;0;0;;14;109;0;;
441;97;;0;Weapon;2;128;0;0;;0;0;;0;;;;
442;108;;0;Weapon;-12;4096;0;0;;0;0;;0;;;10206;5
443;108;;0;Weapon;-11;4096;0;0;;0;0;;0;;;10206;5
444;2;;0;Weapon;0;549755813889;0;0;;0;0;;10;;;;
445;2;;0;Weapon;10;1099511627779;0;0;;0;0;;8;;;;
446;2;;0;Weapon;8;274877906947;0;0;;0;0;;12;;;;
447;2;;0;Weapon;2;549757911041;0;0;;0;0;;7;;;;
448;2;;0;Weapon;14;275014221824;0;0;;0;0;;38;;;;
449;2;;0;Weapon;2;4224;0;0;;0;0;;0;;;;
450;103;;0;Weapon;20;134217792;0;0;;0;0;;18;;;;
451;109;;0;Weapon;0;36284020031617;0;0;;0;0;;88;;;;
452;2;;0;Weapon;4;1649269538817;0;0;;0;0;;11;;;;
453;2;;0;Weapon;3;274880004097;;;1;0;0;;19;110;1;;
454;11;;0;Weapon;536870912;4398182825984;0;0;;0;0;;38;;;;
455;2;;0;Weapon;9;1374389534723;0;0;;0;0;;12;;;;
456;2;;0;Weapon;10;1374389534723;0;0;;0;0;;12;;;;
457;4;;0;Weapon;4;9007199388958848;40;0;;5;0;;23;;;10221;5
458;2;;0;Weapon;8;1099511631875;0;0;;0;0;;7;;;;
459;2;;0;Weapon;8;96;0;0;;0;0;;0;;;;
460;24;;0;Weapon;2;134217856;15;0;;0;0;;24;10182;5;;
461;66;;0;Weapon;5;67113088;0;0;;0;0;;18;;;;
462;122;;0;Weapon;-5;136314881;0;0;;1;0;;38;;;;
463;2;;0;Weapon;2;134217729;0;0;;0;0;;38;;;;
464;2;;0;Weapon;13;274880004162;35;0;;0;0;;13;109;1;;
465;2;;0;Weapon;4;274877906947;0;0;;0;0;;12;;;;
466;2;;0;Weapon;9;549755813891;0;0;;0;0;;11;;;;
467;107;;0;Weapon;8;1099511627777;0;0;;0;0;;8;;;;
468;2;;0;Weapon;10;274877906945;0;0;;0;0;;8;;;;
469;66;;0;Weapon;5;528520;0;0;;0;0;;18;;;;
470;2;;0;Weapon;9;1099511627779;0;0;;0;0;;8;;;;
471;2;;0;Weapon;6;549755813889;0;0;;0;0;;8;;;;
472;2;;0;Weapon;25;549757911040;15;0;;0;0;;11;100;1;;
473;2;;0;Weapon;12;1099511627777;0;0;;0;0;;8;;;;
474;2;;0;Weapon;5;274877906945;0;0;;0;0;;12;;;;
475;2;;0;Weapon;7;1099511627777;0;0;;0;0;;7;;;;
476;2;;0;Weapon;5;277025390593;0;0;;0;0;;12;;;;
477;73;;0;Weapon;8;1099511627777;0;0;;0;0;;10;;;;
478;2;;0;Weapon;6;1099511627777;0;0;;0;0;;8;;;;
479;2;;0;Weapon;3;274877906945;0;0;;0;0;;8;;;;
480;2;;0;Weapon;7;1099511627777;0;0;;0;0;;8;;;;
481;66;;0;Weapon;5;36992;0;0;;0;0;;18;;;;
482;2;;0;Weapon;-3;4097;0;0;;0;0;;38;;;;
483;2;;0;Weapon;4;549755817985;0;0;;0;0;;7;;;;
484;2;;0;Weapon;10;274877906945;;;1;0;0;;19;110;1;;
485;11;;0;Weapon;2;8404992;50;0;;0;0;;0;;;10200;5
486;2;;0;Weapon;3;274880004097;0;0;;0;0;;12;;;;
487;2;;0;Weapon;16;275012124672;0;0;;0;0;;12;;;;
488;104;;0;Weapon;6;274877906945;0;0;;0;0;;12;;;;
489;2;;0;Weapon;0;275014221825;0;0;;0;0;;50;;;;
490;2;;0;Weapon;3;275014221825;0;0;;0;0;;50;;;;
491;2;;0;Weapon;-3;275014221825;0;0;;0;0;;50;;;;
492;2;;0;Weapon;-3;275014221825;0;0;;0;0;;50;;;;
493;2;;0;Weapon;12;274877907072;20;0;;0;0;;15;111;1;;
494;2;;0;Weapon;6;1099513724931;0;0;;0;0;;8;;;;
495;2;;0;Weapon;15;1099647942656;0;0;;0;0;;38;;;;
496;2;;0;Weapon;2;1099647942657;0;0;;0;0;;38;;;;
497;24;;0;Weapon;1;1;0;0;;0;0;;87;;;;
498;24;;0;Weapon;5;136;0;0;;1;0;;18;;;;
499;109;;0;Weapon;-3;549757911041;0;0;;0;0;;12;;;;
500;2;;0;Weapon;1;549757911041;0;0;;0;0;;7;;;;
501;109;;0;Weapon;0;274880004097;;;1;0;0;;15;441;1;;
502;2;;0;Weapon;1;549757911041;0;0;;0;0;;7;;;;
503;109;;0;Weapon;-2;549757911041;0;0;;0;0;;87;;;;
504;2;;0;Weapon;0;142610561;50;0;;3;0;;18;;;10049;5
505;2;;0;Weapon;25;45035996416446592;50;0;;5;0;;23;;;10221;5
506;116;;0;Weapon;0;134217728;0;0;;1;0;;38;;;;
507;2;;0;Weapon;10;1099511627779;0;0;;0;0;;12;;;;
508;2;;0;Weapon;9;549755813889;0;0;;0;0;;7;;;;
509;2;;0;Weapon;11;1374389534723;0;0;;0;0;;12;;;;
510;3;;0;Weapon;15;32832;0;0;;1;0;;18;;;;
511;73;;0;Weapon;-2;1;0;0;;0;0;;24;;;;
512;2;;0;Weapon;-3;549892128769;0;0;;0;0;;38;;;;
513;2;;0;Weapon;4;549757911041;0;0;;0;0;;7;;;;
514;2;;0;Weapon;5;1099513724929;0;0;;0;0;;7;;;;
515;2;;0;Weapon;16;9007199254741056;13;0;;1;0;;16;10179;0;10178;5
516;11;;0;Weapon;2048;128;0;0;;1;0;;0;;;;
517;2;;0;Weapon;1;549757911045;0;0;;0;0;;11;;;;
518;3;2;0;Weapon;10;8320;0;0;;1;0;;0;;;10156;5
519;2;;0;Weapon;8;1099511627777;0;0;;0;0;;8;;;;
520;2;;0;Weapon;3;274880004097;0;0;;0;0;;12;;;;
521;2;;0;Weapon;9;1099511627777;0;0;;0;0;;8;;;;
522;2;;0;Weapon;21;1099511627843;0;0;;0;0;;8;;;;
523;2;;0;Weapon;0;1374523752449;0;0;;0;0;;38;;;;
524;2;;0;Weapon;7;1099511627777;0;0;;0;0;;8;;;;
525;2;;0;Weapon;19;549755813891;0;0;;0;0;;11;;;;
526;2;;0;Weapon;16;274880004098;50;0;;0;0;;14;109;1;;
527;2;;0;Weapon;10;3;0;0;;0;0;;11;;;;
528;2;;0;Weapon;7;1099511627779;0;0;;0;0;;8;;;;
529;11;;0;Weapon;131072;4096;0;0;;0;0;;0;;;;
530;2;;0;Weapon;0;1099511627777;0;0;;0;0;;38;;;;
531;11;;0;Weapon;536870912;4535619682304;0;0;;0;0;;0;;;;
532;2;;0;Weapon;7;274877906947;0;0;;0;0;;12;;;;
533;2;;0;Weapon;-5;549893177345;0;0;;1;0;;38;;;;
534;2;;0;Weapon;0;55834574945;;;3;2;0;;16;;;10258;5
535;2;;0;Weapon;-10;55834575425;;;3;4;0;;16;;;10259;5
536;7;;0;Weapon;-10;55834583169;;;3;6;0;;16;;;10260;5
537;66;;0;Weapon;12;8732692608;100;0;;0;0;;22;;;10153;9
538;2;;0;Weapon;10;274880004096;;;1;0;0;;15;441;1;;
539;2;;0;Weapon;-4;549757911041;0;0;;0;0;;38;;;;
540;2;;0;Weapon;8;412453175296;0;0;;1;0;;12;;;;
541;2;;0;Weapon;4;549755813891;0;0;;0;0;;12;;;;
542;2;;0;Weapon;14;96;0;0;;3;0;;0;;;10113;5
543;2;;0;Weapon;10;2199023255620;0;0;;0;0;;0;;;;
544;109;;0;Weapon;1;128;0;0;;0;0;;9;;;;
545;11;;0;Weapon;4294967296;4224;0;0;;0;0;;0;;;;
546;109;;0;Weapon;1;8830452760704;0;0;;0;0;;9;;;;
547;2;;0;Weapon;8;549755813889;;;3;0;0;;11;100;1;;
548;2;;0;Weapon;-5;549757911041;0;0;;0;0;;38;;;;
549;2;;0;Weapon;-5;274877907073;0;0;;0;0;;7;;;;
550;2;;0;Weapon;0;274877906945;0;0;;0;0;;38;;;;
551;2;;0;Weapon;-5;65;0;0;;0;0;;12;;;;
552;2;;0;Weapon;0;1099511627777;0;0;;0;0;;38;;;;
553;2;;0;Weapon;0;131201;0;0;;0;0;;38;;;;
554;2;;0;Weapon;0;549757911041;0;0;;0;0;;38;;;;
555;2;;0;Weapon;10;1099511627779;0;0;;0;0;;8;;;;
556;24;;0;Weapon;8;1099511627777;0;0;;0;0;;8;;;;
557;33;;0;Weapon;5;1099645845505;0;0;;0;0;;38;;;;
558;2;;0;Weapon;0;275012124737;0;0;;0;0;;12;;;;
559;2;;0;Weapon;0;1099511627905;0;0;;0;0;;38;;;;
560;2;;0;Weapon;0;1099511627777;0;0;;0;0;;38;;;;
561;2;;0;Weapon;2;1099645845505;0;0;;0;0;;83;;;;
562;2;;0;Weapon;0;35184372093057;0;0;;1;0;;18;;;;
563;2;;0;Weapon;0;549757911041;0;0;;0;0;;38;;;;
564;2;;0;Weapon;9;549755813891;0;0;;0;0;;8;;;;
565;46;;0;Weapon;20;129;0;0;;0;0;;0;;;;
566;2;;0;Weapon;18;274877907010;50;0;;0;0;;13;109;1;;
567;74;;0;Weapon;15;274877907010;45;0;;0;0;;14;274;4;;
568;2;;0;Weapon;0;55834574945;6;0;;1;0;;16;;;10258;5
569;2;;0;Weapon;-10;55834575425;6;0;;2;0;;16;;;10259;5
570;7;;0;Weapon;-10;55834583169;5;0;;3;0;;16;;;10260;5
571;2;;0;Weapon;18;1099511627843;0;0;;0;0;;8;;;;
572;2;;0;Weapon;20;96;0;0;;0;0;;0;;;;
573;2;;0;Weapon;3;274877911041;0;0;;0;0;;12;;;;
574;2;;0;Weapon;0;1099647942657;0;0;;0;0;;38;;;;
575;2;;0;Weapon;0;549755813889;0;0;;0;0;;10;;;;
576;109;;0;Weapon;0;35734264217601;0;0;;0;0;;88;;;;
577;109;;0;Weapon;0;1099647942657;0;0;;0;0;;38;;;;
578;2;;0;Weapon;2;277027487745;0;0;;0;0;;12;;;;
579;109;;0;Weapon;0;35459386310721;0;0;;0;0;;12;;;;
580;2;;0;Weapon;6;549755813889;0;0;;0;0;;8;;;;
581;2;;0;Weapon;2;274880004097;0;0;;0;0;;12;;;;
582;2;;0;Weapon;7;274877906947;0;0;;0;0;;12;;;;
583;2;;0;Weapon;-4;275014221825;0;0;;0;0;;50;;;;
584;2;;0;Weapon;1;1099647942657;0;0;;0;0;;38;;;;
585;2;;0;Weapon;0;8407169;30;0;;0;0;;24;210;4;10219;5
586;2;;0;Weapon;7;824633720833;0;0;;0;0;;52;;;;
587;2;;0;Weapon;2;1099645845505;0;0;;0;0;;38;;;;
588;2;;0;Weapon;0;549755813889;0;0;;0;0;;10;;;;
589;2;;0;Weapon;8;1374389534721;0;0;;0;0;;7;;;;
590;2;;0;Weapon;-5;549892128769;0;0;;0;0;;12;;;;
591;2;;0;Weapon;5;274880004099;0;0;;0;0;;12;;;;
592;109;;0;Weapon;-3;549757911041;0;0;;0;0;;87;;;;
593;2;;0;Weapon;0;275014221825;0;0;;0;0;;12;;;;
594;2;;0;Weapon;4;824635817985;0;0;;0;0;;12;;;;
595;2;;0;Weapon;9;274880004098;30;0;;0;0;;14;109;1;;
596;11;;0;Weapon;128;142757888;5;0;;0;0;;41;;;10208;5
597;2;;0;Weapon;3;414600658945;0;0;;0;0;;12;;;;
598;103;;0;Weapon;10;134217792;0;0;;0;0;;18;;;;
599;2;;0;Weapon;10;1099511627779;0;0;;0;0;;12;;;;
600;2;;0;Weapon;-5;2199159570497;;;1;0;0;;83;214;4;;
601;2;;0;Weapon;5;2097217;0;0;;0;0;;38;;;;
602;2;;0;Weapon;10;96;;;2;0;0;;16;10182;4;;
603;2;;0;Weapon;4;549757911041;0;0;;0;0;;7;;;;
604;2;;0;Weapon;2;275012124673;0;0;;0;0;;38;;;;
605;11;;0;Weapon;2048;128;0;0;;1;0;;0;;;;
606;2;;0;Weapon;-3;549757911041;;;1;0;0;;15;111;1;;
607;2;;0;Weapon;9;274877906946;30;0;;0;0;;14;109;0;;
608;3;;0;Weapon;10;640;0;0;;0;0;;0;;;10105;5
609;107;;0;Weapon;8;1099511627777;0;0;;0;0;;8;;;;
610;121;;0;Weapon;0;8796229337088;0;0;;0;0;;38;;;;
611;2;;0;Weapon;0;549755813889;0;0;;0;0;;10;;;;
612;2;;0;Weapon;3;274877906945;0;0;;0;0;;12;;;;
613;2;;0;Weapon;5;1099511627777;0;0;;0;0;;7;;;;
614;2;;0;Weapon;12;274877906946;30;0;;0;0;;14;109;1;;
615;2;;0;Weapon;0;275014221825;0;0;;0;0;;38;;;;
616;2;;0;Weapon;15;549892128768;0;0;;0;0;;38;;;;
617;2;;0;Weapon;15;1099511627843;0;0;;0;0;;8;;;;
618;24;;0;Weapon;7;549755813889;0;0;;0;0;;7;;;;
619;24;;0;Weapon;11;1374389534723;0;0;;0;0;;12;;;;
620;2;;0;Weapon;0;274880004097;;;1;0;0;;19;441;1;;
621;2;;0;Weapon;0;274880004097;;;1;0;0;;19;441;1;;
622;2;;0;Weapon;9;1099511627779;0;0;;0;0;;11;;;;
623;11;;0;Weapon;128;16384;0;0;;0;0;;0;;;;
624;2;;0;Weapon;7;1099511627777;0;0;;0;0;;11;;;;
625;46;;0;Weapon;25;2105472;0;0;;0;0;;0;;;;
626;2;;0;Weapon;7;1099511627777;0;0;;0;0;;11;;;;
627;2;;0;Weapon;9;1099511627777;0;0;;0;0;;24;;;;
628;11;;0;Weapon;1;536875136;0;0;;0;0;;0;;;;
629;2;;0;Weapon;-5;2097217;0;0;;0;0;;12;;;;
630;2;;0;Weapon;-10;275014221889;0;0;;0;0;;7;;;;
631;2;;0;Weapon;2;1099645845505;0;0;;0;0;;38;;;;
632;2;;0;Weapon;15;275014221824;0;0;;0;0;;50;;;;
633;2;;0;Weapon;10;275014221824;0;0;;0;0;;50;;;;
634;2;;0;Weapon;12;274880004096;;;1;0;0;;19;441;1;;
635;2;;0;Weapon;0;1099647942657;0;0;;0;0;;38;;;;
636;2;;0;Weapon;5;277025390593;0;0;;0;0;;12;;;;
637;103;;0;Weapon;5;134217793;0;0;;0;0;;18;;;;
638;2;;0;Weapon;2;824635817985;0;0;;0;0;;7;;;;
639;2;;0;Weapon;1;274880004097;0;0;;0;0;;7;;;;
640;2;;0;Weapon;7;274880004097;0;0;;0;0;;12;;;;
641;2;;0;Weapon;1;274880004097;;;1;0;0;;19;110;1;;
642;2;;0;Weapon;7;274880004097;0;0;;0;0;;12;;;;
643;2;;0;Weapon;7;274877906945;0;0;;0;0;;12;;;;
644;2;;0;Weapon;3;274880004097;0;0;;0;0;;12;;;;
645;2;;0;Weapon;3;274880004097;0;0;;0;0;;12;;;;
646;2;;0;Weapon;4;1374391631873;0;0;;0;0;;7;;;;
647;2;;0;Weapon;5;1099513724929;0;0;;0;0;;7;;;;
648;2;;0;Weapon;9;274877911042;30;0;;0;0;;14;109;1;;
649;2;;0;Weapon;8;824633720833;0;0;;0;0;;7;;;;
650;2;;0;Weapon;1;136314945;0;0;;0;0;;38;;;;
651;2;;0;Weapon;4;549755813889;0;0;;0;0;;11;;;;
652;2;;0;Weapon;3;277027487745;0;0;;0;0;;12;;;;
653;7;;0;Weapon;10;35321945268321;0;0;;1;0;;12;;;;
654;2;;0;Weapon;-2;549755813889;0;0;;0;0;;10;;;;
655;7;;0;Weapon;15;8256;0;0;;0;0;;0;;;;
656;66;;0;Weapon;9;4224;0;0;;0;0;;0;;;;
657;2;;0;Weapon;0;549755813891;0;0;;0;0;;12;;;;
658;7;;0;Weapon;25;8256;0;0;;1;0;;0;;;;
659;66;;0;Weapon;12;4224;0;0;;1;0;;0;;;;
660;24;;0;Weapon;6;549755813889;0;0;;0;0;;10;;;;
661;11;;0;Weapon;4096;4096;0;0;;0;0;;0;;;;
662;2;;0;Weapon;7;549755813889;0;0;;0;0;;10;;;;
663;3;;0;Weapon;20;160;0;0;;0;0;;0;;;;
664;2;;0;Weapon;6;549757911043;0;0;;0;0;;12;;;;
665;2;;0;Weapon;0;549757911041;0;0;;0;0;;10;;;;
666;2;;0;Weapon;5;1374389534721;0;0;;0;0;;7;;;;
667;2;;0;Weapon;3;549757911041;0;0;;0;0;;11;;;;
668;2;;0;Weapon;3;549757911041;0;0;;0;0;;11;;;;
669;0;;0;Spell;0;0;0;0;;0;0;;0;;;;
670;3;;0;Spell;2010;2176;0;0;;1;0;;0;;;;
671;3;;0;Spell;2030;2176;0;0;;1;0;;0;;;;
672;3;;0;Spell;2010;160;0;0;;6;0;;0;;;;
673;600;;0;Spell;261;147456;0;0;;0;0;;0;;;;
674;3;;0;Spell;2030;2176;0;0;;1;0;;0;;;;
675;3;;0;Spell;2010;2176;0;0;;6;0;;0;;;;
676;4;;0;Spell;2;128;0;0;;1;0;;0;;;;
677;7;;0;Spell;1004;8320;0;0;;1;0;;0;;;;
678;3;;0;Spell;2010;640;0;0;;1;0;;0;;;;
679;1;;0;Spell;-1;8388608;15;1;;0;0;;0;;;;
680;11;;0;Spell;256;4224;0;0;;1;0;;0;;;;
681;1;;1;Spell;640;0;0;0;;0;0;;0;;;;
682;11;;0;Spell;2048;8405120;0;0;;1;0;;0;;;;
683;15;;0;Spell;1;12599424;0;0;;0;0;;0;;;;
684;66;;0;Spell;10;537002112;0;0;;1;0;;0;;;;
685;1;;1;Spell;360;0;0;0;;0;0;;0;;;;
686;1;;1;Spell;-2;0;0;0;;0;0;;0;;;;
687;1;;1;Spell;304;0;0;0;;0;0;;0;;;;
688;10;;0;Spell;1024;8404992;0;0;;0;0;;0;;;;
689;11;;0;Spell;256;4224;0;0;;10;0;;0;;;;
690;4;;0;Spell;4;128;0;0;;1;0;;0;;;;
691;1;;0;Spell;303;0;0;0;;0;0;;0;;;;
692;1;;0;Spell;361;0;0;0;;0;0;;0;;;;
693;11;;0;Spell;33554432;4224;0;0;;1;0;;0;;;;
694;1;;1;Spell;518;0;0;0;;0;0;;0;;;;
695;1;;1;Spell;303;0;0;0;;0;0;;0;;;;
696;10;;0;Spell;176;16384;0;0;;0;0;;0;;;;
697;1;;1;Spell;561;0;0;0;;0;0;;0;;;;
698;1;;1;Spell;562;0;0;0;;0;0;;0;;;;
699;3;2;0;Spell;15;160;0;0;;1;0;;0;;;10155;5
700;2;;0;Spell;1;2176;0;0;;6;0;;0;;;;
701;21;;1;Spell;625;0;0;0;;0;0;;0;;;;
702;21;;1;Spell;490;0;0;0;;0;0;;0;;;;
703;81;;0;Spell;58;0;0;0;;0;0;;0;;;;
704;11;;0;Spell;8388608;536875136;0;0;;1;0;;0;;;;
705;1;;1;Spell;564;8388608;0;0;;0;0;;0;;;;
706;1;;1;Spell;593;0;0;0;;0;0;;0;;;;
707;1;;1;Spell;592;0;0;0;;0;0;;0;;;;
708;3;;0;Spell;2010;160;0;0;;1;0;;0;;;;
709;11;;0;Spell;33554432;16777344;0;0;;;;100;0;;;;
710;599;;0;Spell;201;8404992;0;0;;0;0;;0;;;;
711;66;;0;Spell;5;8933504;0;0;;1;0;;0;;;;
712;11;;0;Spell;262144;10485888;0;0;;1;0;;0;;;;
713;11;;0;Spell;16777216;27263104;0;0;;1;0;;0;;;;
714;1;;1;Spell;736;0;0;0;;0;0;;0;;;;
715;37;;1;Spell;-1;0;0;0;;0;0;;0;;;;
716;11;;0;Spell;64;10502272;0;0;;0;0;;0;;;;
717;1;;0;Spell;403;0;0;0;;0;0;;0;;;;
718;1;;0;Spell;303;0;0;0;;0;0;;0;;;;
719;1;;0;Spell;676;0;0;0;;0;0;;0;;;;
720;1;;0;Spell;1357;0;0;0;;0;0;;0;;;;
721;1;;0;Spell;628;0;0;0;;0;0;;0;;;;
722;1;;0;Spell;284;0;0;0;;0;0;;0;;;;
723;23;;1;Spell;8388608;8388608;0;0;;0;0;;0;;;0;0
724;1;;0;Spell;959;8388608;0;0;;0;0;;0;;;;
725;21;;0;Spell;960;8388608;0;0;;0;0;;0;;;;
726;85;;1;Spell;0;8388608;0;0;;0;0;;0;;;;
727;66;;0;Spell;7;128;0;0;;1;0;;0;;;;
728;1;;0;Spell;1139;0;0;0;;0;0;;0;;;;
729;1;;1;Spell;1037;0;0;0;;0;0;;0;;;;
730;1;;1;Spell;1086;0;0;0;;0;0;;0;;;;
731;81;;0;Spell;45;8388608;0;0;;0;0;;0;;;10039;9
732;11;;0;Spell;1;4224;0;0;;1;0;;0;;;;
733;11;;0;Spell;1;4224;0;0;;1;0;;0;;;;
734;1;;0;Spell;284;0;0;0;;0;0;;0;;;;
735;81;;0;Spell;77;0;0;0;;0;0;;0;;;;
736;1;;1;Spell;1357;0;0;0;;0;0;;0;;;0;0
737;1;;1;Spell;1367;0;0;0;;0;0;;0;;;0;0
738;1;;1;Spell;464;0;0;0;;0;0;;0;;;0;0
739;81;;0;Spell;6;0;0;0;;0;0;;16;;;10034;9
740;105;;0;Spell;999;4224;0;0;;;;100;0;;;;
741;1;;1;Spell;1425;0;0;0;;0;0;;0;;;;
742;1;;1;Spell;304;0;0;0;;0;0;;0;;;;
743;1;;1;Spell;449;0;0;0;;0;0;;0;;;;
744;1;;1;Spell;632;0;0;0;;0;0;;0;;;;
745;1;;1;Spell;489;0;0;0;;0;0;;0;;;;
746;1;;1;Spell;1481;0;0;0;;0;0;;0;;;;
747;1;;1;Spell;1478;0;0;0;;0;0;;0;;;;
748;81;;0;Spell;7;0;0;0;;0;0;;0;;;;
749;21;;0;Spell;-3;0;0;0;;0;0;;0;;;;
750;2;;0;Spell;3;640;0;0;;10;0;;0;;;;
751;2;;0;Spell;20;524424;15;0;;1;0;;30;;;10135;9
752;2;;0;Spell;2;4224;0;0;;10;0;;0;;;;
753;28;;0;Spell;999;4240;0;0;;0;0;;0;;;;
754;101;;0;Spell;10;0;0;0;;0;0;;0;;;;
755;101;;0;Spell;3;0;0;0;;0;0;;0;;;;
756;1;;1;Spell;435;0;0;0;;0;0;;0;;;;
757;1;;0;Spell;448;8388608;0;0;;0;0;;0;;;;
758;1;;1;Spell;2051;0;0;0;;0;0;;0;;;;
759;1;;1;Spell;2045;0;0;0;;0;0;;0;;;;
760;112;;1;Spell;999;0;0;0;;0;0;;0;;;;
761;1;;1;Spell;2090;0;0;0;;0;0;;0;;;;
762;81;;0;Spell;1;0;0;0;;0;0;;0;;;;
763;113;;1;Spell;0;276828160;0;0;;0;0;;0;;;;
764;1;;0;Spell;-9;8388608;0;0;;0;0;;0;;;;
765;1;;0;Spell;2136;0;0;0;;0;0;;0;;;;
766;1;;0;Spell;1224;0;0;0;;0;0;;0;;;;
767;1;;0;Spell;-5;0;0;0;;0;0;;0;;;;
768;1;;1;Spell;2219;0;0;0;;0;0;;0;;;;
769;11;;0;Spell;70368744194048;128;0;0;;1;0;;0;;;;
770;11;;0;Spell;1;4224;0;0;;1;0;;0;;;;
771;1;;0;Spell;361;0;0;0;;0;0;;0;;;;
772;11;;0;Spell;16777216;17592196530304;0;0;;1;0;;0;;;;
773;11;;0;Spell;2097152;128;0;0;;1;0;;0;;;;
774;1;;0;Spell;2287;0;0;0;;0;0;;0;;;;
775;48;;1;Spell;55;276824064;0;0;;0;0;;0;;;;
776;2;;0;Spell;20;562949956567104;0;0;;;;10;0;10194;5;;
777;1;;0;Spell;-2;8388608;1;0;;0;0;;43;;;;
778;11;;0;Spell;262144;10485888;0;0;;;;50;0;;;;
779;1;;1;Spell;2528;0;0;0;;0;0;;0;;;;
780;1;;0;Spell;517;0;1;0;;0;0;;32;;;;
781;11;;0;Spell;512;16416;0;0;;0;0;;0;;;;
782;11;;0;Spell;1;4224;0;0;;1;0;;0;;;;
783;11;;0;Spell;1;4224;0;0;;1;0;;0;;;;
784;11;;0;Spell;1;4224;0;0;;1;0;;0;;;;
785;11;;0;Spell;1;4224;0;0;;1;0;;0;;;;
786;11;;0;Spell;1;4224;0;0;;1;0;;0;;;;
787;11;;0;Spell;1;4224;0;0;;1;0;;0;;;;
788;11;;0;Spell;1;4224;0;0;;1;0;;0;;;;
789;11;;0;Spell;1;4224;0;0;;1;0;;0;;;;
790;11;;0;Spell;1;4224;0;0;;1;0;;0;;;;
791;11;;0;Spell;1;4224;0;0;;1;0;;0;;;;
792;11;;0;Spell;1;4224;0;0;;1;0;;0;;;;
793;11;;0;Spell;1;4224;0;0;;1;0;;0;;;;
794;11;;0;Spell;1;4224;0;0;;1;0;;0;;;;
795;11;;0;Spell;1;4224;0;0;;1;0;;0;;;;
796;11;;0;Spell;1;4224;0;0;;1;0;;0;;;;
797;11;;0;Spell;1;4224;0;0;;1;0;;0;;;;
798;11;;0;Spell;1;4224;0;0;;1;0;;0;;;;
799;11;;0;Spell;1;4224;0;0;;1;0;;0;;;;
800;11;;0;Spell;1;4224;0;0;;1;0;;0;;;;
801;11;;0;Spell;1;4224;0;0;;1;0;;0;;;;
802;11;;0;Spell;1;4224;0;0;;1;0;;0;;;;
803;11;;0;Spell;1;4224;0;0;;1;0;;0;;;;
804;11;;0;Spell;1;4224;0;0;;1;0;;0;;;;
805;11;;0;Spell;1;4224;0;0;;1;0;;0;;;;
806;11;;0;Spell;1;4224;0;0;;1;0;;0;;;;
807;11;;0;Spell;1;4224;0;0;;1;0;;0;;;;
808;11;;0;Spell;1;4224;0;0;;1;0;;0;;;;
809;11;;0;Spell;1;4224;0;0;;1;0;;0;;;;
810;11;;0;Spell;1;4224;0;0;;1;0;;0;;;;
811;11;;0;Spell;1;4224;0;0;;1;0;;0;;;;
812;11;;0;Spell;1;4224;0;0;;1;0;;0;;;;
813;11;;0;Spell;1;4224;0;0;;1;0;;0;;;;
814;11;;0;Spell;1;4224;0;0;;1;0;;0;;;;
815;11;;0;Spell;1;4224;0;0;;1;0;;0;;;;
816;11;;0;Spell;1;4224;0;0;;1;0;;0;;;;
817;11;;0;Spell;1;4224;0;0;;1;0;;0;;;;
818;11;;0;Spell;1;4224;0;0;;1;0;;0;;;;
819;2;;0;Spell;3001;8392840;15;5;;2;2;;30;;;10243;9
820;10;;0;Spell;1;12632064;0;10;;0;5;;30;;;10217;9
821;10;;0;Spell;32768;12599296;13;2;;0;5;;30;;;10218;9
822;2;;0;Spell;5000;8933512;25;0;;0;0;;41;;;1317;4
823;10;;0;Spell;4194304;8404992;0;0;;0;0;;30;;;10022;9
824;10;;0;Spell;1;12615680;0;0;;;;100;30;;;10217;9
825;2;;0;Spell;20;8409216;25;0;;0;0;;30;;;1317;4
826;10;;0;Spell;32768;12582912;0;0;;;;100;30;;;10218;9
827;66;;0;Spell;10;8409216;100;0;;0;0;;41;;;10205;9
828;81;;0;Spell;91;8404992;0;0;;0;0;;41;;;10191;9
829;2;;0;Spell;6;96;20;5;;0;0;;16;10146;0;;
830;10;;0;Spell;8;16384;0;0;;0;0;;31;;;10224;9
831;2;;0;Spell;1008;640;1;0;;0;0;;21;;;10068;9
832;2;;0;Spell;10;1649269538816;20;5;;0;0;;45;99;0;99;1
833;23;;0;Spell;1;8404992;0;0;;0;0;;31;;;10046;7
834;2;;0;Spell;1005;8405120;1;0;;0;0;;0;;;165;3
835;3;;0;Spell;5110;545935488;1;0;;0;0;;29;;;10028;7
836;11;;0;Spell;8192;545804416;20;5;;0;0;;32;;;10123;9
837;42;;1;Spell;11;0;0;0;;0;0;;0;;;0;0
838;21;;1;Spell;1881;0;0;0;;0;0;;0;;;0;0
839;93;;1;Spell;1822;0;0;0;;0;0;;0;;;0;0
840;11;;0;Spell;1;4224;0;0;;1;0;;0;;;;
841;1;;1;Spell;1807;0;0;0;;0;0;;0;;;0;0
842;21;;1;Spell;1809;0;0;0;;0;0;;0;;;0;0
843;21;;1;Spell;1908;0;0;0;;0;0;;0;;;0;0
844;101;;1;Spell;-5;545783808;0;0;;0;0;;0;;;55;5
845;111;;1;Spell;15;545783808;0;0;;0;0;;0;;;55;5
846;10;;0;Spell;256;4718600;0;0;;;;100;32;;;10173;9
847;10;;0;Spell;16;4718600;0;0;;;;100;32;;;10173;9
848;23;;0;Spell;128;8404992;0;0;;0;0;;41;;;10190;9
849;10;;0;Spell;32776;12599296;10;0;;0;2;;30;;;10218;9
850;29;;0;Spell;999;25165824;5;0;;0;0;;22;;;10007;9
851;2;;0;Spell;999;25706632;15;0;;0;0;;41;;;1317;4
852;8;;0;Spell;15;8404992;0;0;;0;0;;41;;;10190;9
853;1;;1;Spell;2100;0;0;0;;0;0;;0;;;0;0
854;21;;1;Spell;2089;0;0;0;;0;0;;0;;;0;0
855;21;;1;Spell;2093;0;0;0;;0;0;;0;;;0;0
856;21;;1;Spell;2095;0;0;0;;0;0;;0;;;0;0
857;21;;1;Spell;2106;41943040;0;0;;0;0;;0;;;0;0
858;21;;1;Spell;2099;0;0;0;;0;0;;0;;;0;0
859;21;;1;Spell;2096;0;0;0;;0;0;;0;;;0;0
860;1;;1;Spell;2091;0;0;0;;0;0;;0;;;0;0
861;21;;1;Spell;2097;0;0;0;;0;0;;0;;;0;0
862;1;;1;Spell;1971;0;0;0;;0;0;;0;;;0;0
863;1;;1;Spell;1977;8388608;0;0;;0;0;;0;;;0;0
864;1;;1;Spell;1656;0;0;0;;0;0;;0;;;0;0
865;1;;1;Spell;1649;0;0;0;;0;0;;0;;;0;0
866;10;;0;Spell;16384;21102592;0;0;;;;100;22;;;10142;9
867;1;;1;Spell;1947;0;0;0;;0;0;;0;;;0;0
868;1;;1;Spell;1946;0;0;0;;0;0;;0;;;0;0
869;119;;1;Spell;1956;0;0;0;;0;0;;0;;;0;0
870;21;;1;Spell;1945;0;0;0;;0;0;;0;;;0;0
871;37;;1;Spell;1953;276824064;0;0;;0;0;;0;;;0;0
872;21;;1;Spell;1954;0;0;0;;0;0;;0;;;0;0
873;21;;1;Spell;1952;0;0;0;;0;0;;0;;;0;0
874;21;;1;Spell;1943;0;0;0;;0;0;;0;;;0;0
875;1;;1;Spell;1940;0;0;0;;0;0;;0;;;0;0
876;38;;1;Spell;1948;276824064;0;0;;0;0;;0;;;;
877;21;;1;Spell;1944;0;0;0;;0;0;;0;;;0;0
878;21;;1;Spell;1955;8388608;0;0;;0;0;;0;;;0;0
879;21;;1;Spell;1942;0;0;0;;0;0;;0;;;0;0
880;21;;1;Spell;1941;0;0;0;;0;0;;0;;;0;0
881;21;;1;Spell;1949;0;0;0;;0;0;;0;;;0;0
882;1;;1;Spell;2186;0;0;0;;0;0;;0;;;0;0
883;0;;0;Spell;0;0;0;0;;0;0;;0;;;;
884;1;;1;Spell;2398;0;0;0;;0;0;;0;;;0;0
885;21;;1;Spell;2267;0;0;0;;0;0;;0;;;0;0
886;24;;0;Spell;1006;64;25;5;;3;0;;16;;;10128;9
887;1;;1;Spell;1998;8388608;0;0;;0;0;;0;;;0;0
888;21;;1;Spell;2045;0;0;0;;0;0;;0;;;0;0
889;21;;1;Spell;2039;0;0;0;;0;0;;0;;;0;0
890;1;;1;Spell;2074;0;0;0;;0;0;;0;;;0;0
891;1;;1;Spell;2073;0;0;0;;0;0;;0;;;0;0
892;21;;1;Spell;2056;0;0;0;;0;0;;0;;;0;0
893;21;;1;Spell;2057;0;0;0;;0;0;;0;;;0;0
894;21;;1;Spell;2058;0;0;0;;0;0;;0;;;0;0
895;21;;1;Spell;2051;0;0;0;;0;0;;0;;;0;0
896;21;;1;Spell;2052;0;0;0;;0;0;;0;;;0;0
897;89;;1;Spell;14;0;0;0;;0;0;;0;;;60;6
898;1;;1;Spell;2072;0;0;0;;0;0;;0;;;0;0
899;21;;1;Spell;2071;0;0;0;;0;0;;0;;;0;0
900;1;;1;Spell;1664;41943040;0;0;;0;0;;0;;;0;0
901;50;;1;Spell;1624;0;0;0;;0;0;;0;;;0;0
902;28;;0;Spell;999;92536960;5;0;;0;0;;22;;;10042;9
903;10;;0;Spell;67108864;79708160;15;0;;1;0;;22;;;10049;9
904;10;;0;Spell;1;79740928;15;0;;1;0;;30;;;10049;9
905;23;;0;Spell;33554432;79708160;15;0;;1;0;;22;;;10049;9
906;11;;0;Spell;2;8421376;50;0;;1;0;;22;;;10009;9
907;10;;0;Spell;67108864;79708160;5;0;;10;0;;22;;;10049;9
908;10;;0;Spell;1;79740928;5;0;;10;0;;30;;;10049;9
909;29;;0;Spell;999;25198592;50;0;;0;0;;22;;;10007;9
910;23;;0;Spell;33554432;79708160;5;0;;5;0;;22;;;10142;9
911;10;;0;Spell;1;79724544;0;0;;;;100;30;;;10142;9
912;10;;0;Spell;67108864;96468992;0;0;;;;100;22;;;10142;9
913;23;;0;Spell;33554432;79691776;0;0;;;;100;22;;;10142;9
914;1;;1;Spell;259;0;0;0;;0;0;;0;;;0;0
915;21;;1;Spell;260;0;0;0;;0;0;;0;;;0;0
916;21;;1;Spell;256;0;0;0;;0;0;;0;;;0;0
917;21;;1;Spell;257;0;0;0;;0;0;;0;;;0;0
918;21;;1;Spell;258;0;0;0;;0;0;;0;;;0;0
919;21;;1;Spell;254;8388608;0;0;;0;0;;0;;;0;0
920;21;;1;Spell;253;8388608;0;0;;0;0;;0;;;0;0
921;1;;1;Spell;255;8388608;0;0;;0;0;;0;;;0;0
922;1;;1;Spell;259;0;0;0;;0;0;;0;;;0;0
923;1;;1;Spell;255;8388608;0;0;;0;0;;0;;;0;0
924;1;;1;Spell;255;8388608;0;0;;0;0;;0;;;0;0
925;1;;1;Spell;259;0;0;0;;0;0;;0;;;0;0
926;1;;1;Spell;187;0;0;0;;0;0;;0;;;0;0
927;21;;1;Spell;681;0;0;0;;0;0;;0;;;0;0
928;21;;1;Spell;678;0;0;0;;0;0;;0;;;0;0
929;21;;1;Spell;680;0;0;0;;0;0;;0;;;0;0
930;21;;1;Spell;679;0;0;0;;0;0;;0;;;0;0
931;21;;1;Spell;2333;0;0;0;;0;0;;0;;;0;0
932;21;;1;Spell;2334;0;0;0;;0;0;;0;;;0;0
933;21;;1;Spell;2335;0;0;0;;0;0;;0;;;0;0
934;28;;0;Spell;999;92536960;5;0;;0;0;;22;;;10042;9
935;10;;0;Spell;67108864;79708160;15;0;;1;0;;22;;;10049;9
936;10;;0;Spell;1;79740928;15;0;;1;0;;30;;;10049;9
937;23;;0;Spell;33554432;79708160;15;0;;1;0;;22;;;10049;9
938;11;;0;Spell;2;8421376;50;0;;1;0;;22;;;10009;9
939;10;;0;Spell;67108864;79708160;5;0;;10;0;;22;;;10049;9
940;10;;0;Spell;1;79740928;5;0;;10;0;;30;;;10049;9
941;29;;0;Spell;999;25198592;50;0;;0;0;;22;;;10007;9
942;23;;0;Spell;33554432;79708160;5;0;;5;0;;22;;;10142;9
943;10;;0;Spell;1;79724544;0;0;;;;100;30;;;10142;9
944;10;;0;Spell;67108864;96468992;0;0;;;;100;22;;;10142;9
945;23;;0;Spell;33554432;79691776;0;0;;;;100;22;;;10142;9
946;21;;1;Spell;690;0;0;0;;0;0;;0;;;0;0
947;21;;1;Spell;691;0;0;0;;0;0;;0;;;0;0
948;21;;1;Spell;692;0;0;0;;0;0;;0;;;0;0
949;10;;0;Spell;67108864;79708160;15;0;;1;0;;22;;;10049;9
950;23;;0;Spell;33554432;79708160;15;0;;1;0;;22;;;10049;9
951;10;;0;Spell;67108864;79708160;5;0;;10;0;;22;;;10049;9
952;23;;0;Spell;33554432;79708160;5;0;;5;0;;22;;;10049;9
953;10;;0;Spell;67108864;96468992;0;0;;;;100;22;;;10049;9
954;23;;0;Spell;33554432;79691776;0;0;;;;100;22;;;10049;9
955;86;;1;Spell;36;276824064;0;0;;0;0;;0;0;0;0;0
956;4;;0;Spell;5;393344;0;0;;15;0;;22;;;10164;9
957;11;;0;Spell;64;262144;0;0;;15;0;;44;;;10164;9
958;3;;0;Spell;1030;397440;0;0;;15;0;;44;;;10164;9
959;21;;1;Spell;714;0;0;0;;0;0;;0;;;0;0
960;21;;1;Spell;711;0;0;0;;0;0;;0;;;0;0
961;21;;1;Spell;710;0;0;0;;0;0;;0;;;0;0
962;23;;0;Spell;4;79691904;10;5;;1;0;;22;;;10047;9
963;23;;0;Spell;536870912;79708288;5;5;;1;0;;22;;;10047;9
964;13;;0;Spell;10020;75513984;10;5;;0;0;;22;;;10047;9
965;23;;0;Spell;4;79696000;0;0;;;;100;22;;;10047;9
966;23;;0;Spell;536870912;96469120;0;0;;;;100;22;;;10047;9
967;10;;0;Spell;32768;4325504;0;0;;5;5;;44;;;10121;9
968;8;;0;Spell;5;4325504;0;0;;5;5;;44;;;10121;9
969;13;;0;Spell;1000;4849792;0;0;;5;5;;29;;;10121;9
970;1;;1;Spell;1769;0;0;0;;0;0;;0;;;0;0
971;1;;1;Spell;1770;0;0;0;;0;0;;0;;;0;0
972;1;;1;Spell;1770;0;0;0;;0;0;;0;;;0;0
973;1;;1;Spell;1768;0;0;0;;0;0;;0;;;0;0
974;21;;1;Spell;1776;0;0;0;;0;0;;0;;;0;0
975;1;;1;Spell;1821;0;1;0;;0;0;;0;;;;
976;81;;0;Spell;86;0;0;0;;0;0;;42;;;10001;9
977;73;;0;Spell;13;274877907008;35;0;;0;0;;45;441;1;;
978;73;;0;Spell;10;274877907008;25;0;;0;0;;45;441;1;;
979;21;;1;Spell;1975;0;0;0;;0;0;;0;;;0;0
980;10;;0;Spell;67108864;29491200;0;0;;;;100;22;;;10142;9
981;11;;0;Spell;1;4224;0;0;;1;0;;0;;;;
982;21;;1;Spell;1019;0;0;0;;0;0;;0;;;;
983;1;;1;Spell;1358;0;0;0;;0;0;;0;;;0;0
984;11;;0;Spell;1;4224;0;0;;1;0;;0;;;;
985;21;;1;Spell;525;0;0;0;;0;0;;0;;;0;0
986;1;;1;Spell;1607;0;0;0;;0;0;;0;;;0;0
987;89;;1;Spell;12;0;0;0;;0;0;;0;;;0;0
988;21;;1;Spell;464;0;0;0;;0;0;;0;;;0;0
989;37;;1;Spell;543;0;0;0;;0;0;;0;;;0;0
990;21;;1;Spell;1369;0;0;0;;0;0;;0;;;0;0
991;21;;1;Spell;1368;0;0;0;;0;0;;0;;;0;0
992;1;;1;Spell;1000;0;0;0;;0;0;;0;;;0;0
993;21;;1;Spell;626;0;0;0;;0;0;;0;;;;
994;1;;0;Spell;261;0;1;0;;0;0;;0;;;;
995;1;;1;Spell;2190;0;0;0;;0;0;;0;;;0;0
996;1;;1;Spell;2363;0;0;0;;0;0;;0;;;0;0
997;1;;1;Spell;1309;0;0;0;;0;0;;0;;;0;0
998;81;;1;Spell;44;0;0;0;;0;0;;0;;;0;0
999;1;;1;Spell;1359;0;0;0;;0;0;;0;;;0;0
1000;1;;1;Spell;859;0;0;0;;0;0;;0;;;0;0
1001;1;;1;Spell;1889;8388608;0;0;;0;0;;0;;;0;0
1002;1;;1;Spell;1358;0;0;0;;0;0;;0;;;0;0
1003;21;;1;Spell;525;0;0;0;;0;0;;0;;;0;0
1004;89;;1;Spell;13;0;0;0;;0;0;;0;;;0;0
1005;1;;1;Spell;1357;0;0;0;;0;0;;0;;;0;0
1006;1;;1;Spell;1356;0;0;0;;0;0;;0;;;0;0
1007;21;;1;Spell;1422;0;0;0;;0;0;;0;;;0;0
1008;1;;1;Spell;1483;0;0;0;;0;0;;0;;;0;0
1009;21;;1;Spell;1558;0;0;0;;0;0;;0;;;0;0
1010;21;;1;Spell;1360;0;0;0;;0;0;;0;;;0;0
1011;1;;1;Spell;1356;0;0;0;;0;0;;0;;;0;0
1012;1;;1;Spell;903;0;0;0;;0;0;;0;;;0;0
1013;1;;1;Spell;904;0;0;0;;0;0;;0;;;0;0
1014;1;;1;Spell;1338;0;0;0;;0;0;;0;;;0;0
1015;1;;1;Spell;926;0;0;0;;0;0;;0;;;0;0
1016;1;;1;Spell;902;0;0;0;;0;0;;0;;;0;0
1017;1;;0;Spell;1363;8388608;1;0;;0;0;;43;;;10232;9
1018;1;;0;Spell;1363;8388608;1;0;;0;0;;43;;;10232;9
1019;1;;1;Spell;1319;0;0;0;;0;0;;0;;;0;0
1020;1;;1;Spell;1332;0;0;0;;0;0;;0;;;0;0
1021;21;;1;Spell;1329;0;0;0;;0;0;;0;;;0;0
1022;21;;1;Spell;1330;0;0;0;;0;0;;0;;;0;0
1023;21;;1;Spell;1322;0;0;0;;0;0;;0;;;0;0
1024;1;;1;Spell;1335;0;0;0;;0;0;;0;;;0;0
1025;21;;1;Spell;1320;0;0;0;;0;0;;0;;;0;0
1026;21;;1;Spell;1331;0;0;0;;0;0;;0;;;0;0
1027;21;;1;Spell;1321;0;0;0;;0;0;;0;;;0;0
1028;21;;1;Spell;1337;0;0;0;;0;0;;0;;;0;0
1029;21;;1;Spell;1336;0;0;0;;0;0;;0;;;0;0
1030;21;;1;Spell;1713;0;0;0;;0;0;;0;;;0;0
1031;21;;1;Spell;1906;0;0;0;;0;0;;0;;;0;0
1032;10;;0;Spell;262144;4227088;15;0;;;;100;31;;;10025;5
1033;1;;1;Spell;1736;0;0;0;;0;0;;0;;;0;0
1034;1;;1;Spell;1742;0;0;0;;0;0;;0;;;0;0
1035;1;;1;Spell;1741;0;0;0;;0;0;;0;;;0;0
1036;1;;1;Spell;1737;0;0;0;;0;0;;0;;;0;0
1037;1;;1;Spell;1743;0;0;0;;0;0;;0;;;0;0
1038;21;;1;Spell;1714;0;0;0;;0;0;;0;;;0;0
1039;21;;1;Spell;1744;0;0;0;;0;0;;0;;;0;0
1040;21;;1;Spell;1748;0;0;0;;0;0;;0;;;0;0
1041;1;;1;Spell;1767;0;0;0;;0;0;;0;;;0;0
1042;1;;1;Spell;1764;0;0;0;;0;0;;0;;;0;0
1043;1;;1;Spell;1765;8388608;0;0;;0;0;;0;;;0;0
1044;1;;1;Spell;1260;0;0;0;;0;0;;0;;;0;0
1045;1;;1;Spell;1482;0;0;0;;0;0;;0;;;0;0
1046;1;;1;Spell;1264;0;0;0;;0;0;;0;;;0;0
1047;1;;1;Spell;1478;0;0;0;;0;0;;0;;;0;0
1048;1;;1;Spell;1266;0;0;0;;0;0;;0;;;0;0
1049;1;;1;Spell;1479;0;0;0;;0;0;;0;;;0;0
1050;21;;1;Spell;1256;8388608;0;0;;0;0;;0;;;0;0
1051;1;;1;Spell;1272;0;0;0;;0;0;;0;;;0;0
1052;21;;1;Spell;1480;0;0;0;;0;0;;0;;;0;0
1053;21;;1;Spell;1431;0;0;0;;0;0;;0;;;0;0
1054;1;;1;Spell;1274;0;0;0;;0;0;;0;;;0;0
1055;21;;1;Spell;1276;0;0;0;;0;0;;0;;;0;0
1056;21;;1;Spell;1434;0;0;0;;0;0;;0;;;0;0
1057;21;;1;Spell;1316;0;0;0;;0;0;;0;;;0;0
1058;1;;1;Spell;1490;8388608;0;0;;0;0;;0;;;0;0
1059;120;;1;Spell;1;8388608;0;0;;0;0;;0;;;;
1060;1;;1;Spell;640;8388608;0;0;;0;0;;0;;;0;0
1061;1;;1;Spell;495;8388608;0;0;;0;0;;0;;;0;0
1062;1;;1;Spell;1497;8388608;0;0;;0;0;;0;;;0;0
1063;1;;1;Spell;1496;8388608;0;0;;0;0;;0;;;0;0
1064;1;;1;Spell;1498;8388608;0;0;;0;0;;0;;;0;0
1065;21;;1;Spell;1499;8388608;0;0;;0;0;;0;;;0;0
1066;1;;1;Spell;1439;0;0;0;;0;0;;0;;;0;0
1067;21;;1;Spell;1440;0;0;0;;0;0;;0;;;0;0
1068;1;;1;Spell;1441;0;0;0;;0;0;;0;;;0;0
1069;1;;1;Spell;1439;0;0;0;;0;0;;0;;;0;0
1070;1;;1;Spell;2509;0;0;0;;0;0;;0;;;0;0
1071;1;;1;Spell;1500;0;0;0;;0;0;;0;;;0;0
1072;21;;1;Spell;1476;0;0;0;;0;0;;0;;;0;0
1073;1;;1;Spell;2509;0;0;0;;0;0;;0;;;0;0
1074;23;;0;Spell;33554432;79708160;25;0;;25;0;;22;;;10049;9
1075;21;;1;Spell;1562;8388608;0;0;;0;0;;0;;;0;0
1076;110;;1;Spell;2052;276828160;0;0;;0;0;;0;;;;
1077;0;;0;Spell;0;0;0;0;;0;0;;0;;;;
1078;0;;0;Spell;0;0;0;0;;0;0;;0;;;;
1079;2;;0;Spell;1012;96;1;0;;1;0;;16;;;10133;9
1080;2;;0;Spell;10;96;20;5;;0;0;;16;10143;0;10146;5
1081;2;;0;Spell;2018;96;30;5;;0;0;;16;10073;0;10146;5
1082;2;;0;Spell;3015;8390784;1;0;;0;0;;24;;;10219;9
1083;11;;0;Spell;134217728;20480;20;5;;1;0;;21;10256;9;;
1084;2;;0;Spell;1017;512;35;5;;0;0;;21;10068;0;;
1085;2;;0;Spell;1005;8388704;10;5;;1;0;;42;10065;0;;
1086;2;;0;Spell;10;2199023255616;2;0;;3;0;;16;10070;0;10130;7
1087;85;;1;Spell;37;276824064;0;0;;0;0;;0;0;0;0;0
1088;2;;0;Spell;1004;128;30;0;;0;0;;16;;;1325;4
1089;2;;0;Spell;1008;8388752;25;5;;0;0;;21;10068;0;;
1090;2;;0;Spell;2010;96;5;0;;1;0;;16;10073;0;10113;9
1091;2;;0;Spell;2013;96;25;5;;1;0;;16;10238;0;10133;9
1092;7;3;0;Spell;2;8352;25;0;;2;1;;16;;;10269;9
1093;2;;0;Spell;2015;512;5;0;;1;0;;21;10068;0;10108;9
1094;81;;0;Spell;7;0;0;0;;0;0;;27;;;141;8
1095;2;;0;Spell;1012;8407168;25;5;;0;0;;24;;;10219;9
1096;2;;0;Spell;1007;8390784;2;0;;6;0;;24;;;10219;9
1097;11;4;0;Spell;2048;16384;25;0;;4;1;;42;;;10053;9
1098;2;;0;Spell;1010;67108928;25;5;;1;0;;41;;;2329;4
1099;2;;0;Spell;1013;274877906944;20;5;;0;0;;14;419;0;;
1100;2;;0;Spell;2012;96;20;5;;1;0;;16;10073;0;10113;9
1101;91;;1;Spell;15;96;0;0;;0;0;;0;;;;
1102;81;;0;Spell;70;0;0;0;;0;0;;27;;;141;8
1103;2;3;0;Spell;1;640;25;0;;1;1;;39;;;10056;9
1104;2;;0;Spell;1014;2199023255616;20;5;;1;0;;16;10070;0;10130;7
1105;2;;0;Spell;2023;549755813888;20;5;;0;0;;16;10080;0;10144;7
1106;48;;1;Spell;4;276824064;0;0;;0;0;;0;;;;
1107;27;;0;Spell;999;8519808;100;0;;1;0;;41;;;10225;9
1108;13;;0;Spell;10;537526400;20;5;;1;0;;29;;;2391;5
1109;2;;0;Spell;1008;8933504;20;5;;0;0;;42;10080;0;10149;5
1110;3;3;0;Spell;3040;545919104;25;0;;1;1;;29;;;10161;9
1111;24;;0;Spell;1005;96;25;5;;3;10;;16;;;10113;9
1112;2;2;0;Spell;8;96;25;0;;0;1;;16;;;10162;9
1113;22;;1;Spell;0;8388608;0;0;;0;0;;0;;;0;0
1114;2;;0;Spell;2020;2176;100;0;;1;0;;27;;;10241;9
1115;42;;1;Spell;7;0;0;0;;0;0;;0;;;0;0
1116;2;;0;Spell;2011;41959424;25;5;;0;0;;45;;;10119;5
1117;2;;0;Spell;12;2199023255616;25;0;;1;1;;16;;;10180;9
1118;2;;0;Spell;14;1099513724928;15;5;;0;0;;45;304;4;;
1119;2;;0;Spell;1019;8392768;25;5;;1;0;;41;10080;0;10107;5
1120;74;;0;Spell;1018;9064576;23;1;;0;0;;42;10076;0;10149;5
1121;2;;0;Spell;2013;64;20;5;;0;0;;16;10262;0;10262;5
1122;7;;0;Spell;2001;8320;5;5;;3;0;;16;10079;0;10177;9
1123;2;;0;Spell;15;96;25;0;;0;1;;16;;;10175;9
1124;2;;0;Spell;1014;512;25;0;;2;1;;39;;;10181;9
1125;2;;0;Spell;10;8407168;15;0;;0;0;;24;;;10244;9
1126;81;;0;Spell;1;0;0;0;;0;0;;27;;;10247;9
1127;2;;0;Spell;8;70368747323456;0;0;;;;100;17;;;;
1128;2;;0;Spell;150;549755813888;100;0;;1;0;;17;;;114;11
1129;3;;0;Spell;25;64;30;0;;5;0;;41;;;10250;9
1130;601;;0;Spell;261;8519808;30;5;;1;0;;41;;;10251;5
1131;2;;0;Spell;1005;8405136;15;0;;0;0;;41;;;10254;9
1132;2;;0;Spell;1018;8933504;20;5;;4;1;;42;10080;0;10120;9
1133;7;2;0;Spell;3;8396928;25;0;;1;1;;42;;;10159;9
1134;13;3;0;Spell;3;536871040;25;0;;6;1;;29;;;10014;9
1135;2;;0;Spell;1012;96;5;0;;15;0;;16;10093;0;10133;8
1136;81;;0;Spell;34;0;0;0;;0;0;;27;;;10226;9
1137;81;;1;Spell;16;8388608;0;0;;0;0;;0;0;0;0;0
1138;2;;0;Spell;1003;136;15;5;;2;1;;30;10065;0;;
1139;2;;0;Spell;1020;549755813888;25;0;;2;1;;16;;;10194;9
1140;57;;1;Spell;999;276840576;0;0;;0;0;;0;;;0;0
1141;2;;0;Spell;10;8392832;25;5;;1;1;;16;;;10132;9
1142;81;;1;Spell;14;8388608;0;0;;0;0;;0;0;0;0;0
1143;74;;0;Spell;1012;9048192;22;1;;1;0;;42;10077;0;10263;5
1144;2;;0;Spell;1052;64;25;5;;1;0;;16;;;10127;9
1145;81;;0;Spell;12;0;0;0;;0;0;;28;;;10028;9
1146;72;;0;Spell;5025;545788032;20;5;;1;0;;41;;;10067;5
1147;81;;0;Spell;25;0;0;0;;0;0;;16;;;10034;9
1148;2;;0;Spell;18;0;25;0;;0;11;;21;10068;0;10108;9
1149;41;;1;Spell;7;8405632;0;0;;0;0;;0;;;0;0
1150;81;;0;Spell;11;2199023255552;0;0;;0;0;;16;;;10027;9
1151;2;;0;Spell;1004;8390784;20;0;;50;0;;24;10095;0;10135;9
1152;2;;0;Spell;14;549757911040;0;0;;;;100;17;;;102;7
1153;2;;0;Spell;1013;274877906944;20;5;;0;0;;14;419;0;;
1154;2;;0;Spell;1014;8392768;20;5;;0;0;;41;10147;0;10148;4
1155;2;2;0;Spell;1005;528512;25;0;;1;2;;23;;;10160;9
1156;11;;0;Spell;256;16777216;0;0;;;;100;27;;;;
1157;2;;0;Spell;2030;96;100;0;;1;0;;27;;;10242;9
1158;81;;1;Spell;41;8388608;0;0;;0;0;;0;;;0;0
1159;81;;1;Spell;47;8388608;0;0;;0;0;;0;;;0;0
1160;81;;0;Spell;3;8388608;0;0;;0;0;;41;;;10035;9
1161;74;;0;Spell;1011;9048192;15;2;;0;1;;23;;;10264;5
1162;41;;1;Spell;1010;16480;0;0;;0;0;;0;;;0;0
1163;2;;0;Spell;2005;96;10;5;;40;0;;16;10093;0;10133;8
1164;42;;1;Spell;4;0;0;0;;0;0;;0;;;0;0
1165;2;;0;Spell;10;640;10;5;;0;5;;16;10094;0;10134;8
1166;42;;1;Spell;10;8388608;0;0;;0;0;;0;;;0;0
1167;81;;1;Spell;79;8388608;0;0;;0;0;;0;0;0;0;0
1168;117;;1;Spell;1014;8388608;0;0;;0;0;;0;;;;
1169;23;;0;Spell;16384;8404992;0;0;;0;0;;24;;;10028;9
1170;10;;0;Spell;4;8404992;0;5;;1;0;;31;;;10012;9
1171;11;;0;Spell;131072;8409088;10;0;;0;1;;42;;;10045;9
1172;2;;0;Spell;1015;549764202497;1;0;;0;0;;45;;;39;5
1173;11;;0;Spell;16384;70368752582656;15;0;;0;0;;45;;;270;4
1174;10;;0;Spell;128;8388608;15;0;;1;0;;31;;;10058;9
1175;2;;0;Spell;5030;8405120;1;0;;0;0;;42;;;165;3
1176;10;;0;Spell;274877906944;8404992;0;0;;0;0;;31;;;10023;9
1177;10;;0;Spell;4;8404992;0;0;;0;0;;31;;;10027;9
1178;7;;0;Spell;5005;8396928;1;0;;0;0;;29;;;10039;9
1179;514;;0;Spell;200;8404992;0;0;;0;0;;31;;;10024;9
1180;10;;0;Spell;16;8404992;0;0;;0;0;;31;;;10037;9
1181;10;;0;Spell;2;545800192;0;0;;0;0;;31;;;10021;9
1182;11;;0;Spell;512;16416;25;0;;0;0;;16;;;;
1183;504;;0;Spell;201;8404992;0;0;;0;0;;31;;;10023;9
1184;1;;0;Spell;297;8388608;5;0;;0;0;;42;;;10275;5
1185;23;;0;Spell;16777216;8405120;0;0;;0;0;;31;;;10035;9
1186;504;;0;Spell;198;8404992;0;0;;0;0;;31;;;10025;9
1187;10;;0;Spell;262144;8404992;0;0;;0;0;;31;;;10025;5
1188;10;;0;Spell;549755813888;41959424;0;0;;0;0;;31;;;10005;9
1189;504;;0;Spell;199;8404992;0;0;;0;0;;31;;;10023;9
1190;117;;1;Spell;1009;8388608;0;0;;0;0;;0;;;;
1191;10;;0;Spell;65536;8404992;0;0;;0;0;;31;;;10038;5
1192;11;;0;Spell;1024;8388608;15;0;;1;0;;45;;;10058;9
1193;11;;0;Spell;16384;70368752582656;20;0;;5;0;;45;;;270;4
1194;23;;0;Spell;1;8404992;5;0;;1;0;;31;;;10046;7
1195;67;;0;Spell;3;8409216;20;0;;0;0;;23;339;3;10197;9
1196;10;;0;Spell;2147483648;8404992;5;0;;1;0;;31;;;10023;9
1197;2;;0;Spell;1010;140737488355424;0;0;;7;0;;16;;;10136;9
1198;23;;1;Spell;67108864;8929280;0;0;;0;0;;41;;;55;5
1199;23;;0;Spell;65536;8404992;0;0;;0;0;;23;;;10022;5
1200;1;;0;Spell;298;8388608;5;0;;0;0;;42;;;10275;5
1201;11;;0;Spell;268435456;8405504;20;0;;1;0;;21;;;10134;9
1202;10;;0;Spell;268435456;8404992;0;0;;0;0;;31;;;10031;5
1203;10;;0;Spell;16;8388608;15;0;;1;0;;31;;;10004;9
1204;23;;0;Spell;8;8404992;1;0;;1;0;;31;;;10005;9
1205;10;;0;Spell;2;545783808;5;0;;1;0;;31;;;10001;9
1206;42;;1;Spell;13;0;0;0;;0;0;;0;;;0;0
1207;10;;0;Spell;4;4194304;0;0;;;;100;31;;;10008;9
1208;10;;0;Spell;2680059592704;8404992;0;0;;0;0;;31;;;10023;9
1209;10;;0;Spell;262144;8404992;15;0;;1;0;;31;;;10025;5
1210;609;;0;Spell;299;41959424;20;0;;1;0;;21;;;10134;9
1211;42;;1;Spell;3;8388608;0;0;;0;0;;0;;;0;0
1212;10;;0;Spell;481036338176;8404992;0;0;;0;0;;31;;;10023;9
1213;11;;0;Spell;1024;8388608;25;0;;6;0;;45;;;10060;9
1214;11;;0;Spell;32;25427968;0;0;;;;100;42;;;;
1215;42;;1;Spell;9;276824064;0;0;;0;0;;0;;;0;0
1216;37;;1;Spell;198;0;0;0;;0;0;;0;;;0;0
1217;10;;0;Spell;7168;8404992;0;0;;0;0;;31;;;10266;9
1218;1;;0;Spell;-9;8388608;0;0;;0;0;;44;;;0;0
1219;10;;0;Spell;134217728;8404992;1;0;;1;0;;31;;;10002;9
1220;23;;0;Spell;17179869184;545275904;0;0;;0;0;;45;;;10168;9
1221;11;;0;Spell;4294967296;8409088;11;2;;1;0;;31;;;10041;9
1222;117;;1;Spell;2016;8388608;0;0;;0;0;;0;;;;
1223;10;;0;Spell;4096;12582912;5;0;;15;0;;0;;;10014;9
1224;2;;0;Spell;2012;36028797027369120;25;0;;0;0;;16;;;10167;9
1225;81;;0;Spell;97;0;0;0;;0;0;;31;;;0;0
1226;1;;0;Spell;297;8388608;0;1;;0;0;;42;;;10275;5
1227;10;;0;Spell;1024;12582912;5;0;;15;0;;0;;;10014;9
1228;2;;0;Spell;999;10489856;20;0;;1;0;;40;;;10132;9
1229;10;;0;Spell;2048;12582912;5;0;;15;0;;0;;;10003;9
1230;2;;0;Spell;1012;70368752566336;10;5;;4;1;;45;;;270;4
1231;10;;0;Spell;268435456;8404992;10;0;;1;0;;31;;;10031;7
1232;96;;0;Spell;5020;8405120;10;0;;0;0;;40;;;10214;9
1233;42;;1;Spell;5;0;0;0;;0;0;;0;;;0;0
1234;67;;0;Spell;2;8392832;20;0;;2;2;;23;339;3;10197;9
1235;23;;0;Spell;2;8404992;0;0;;0;0;;45;;;10168;9
1236;103;;0;Spell;1010;545276032;25;0;;0;0;;18;;;10165;9
1237;10;;0;Spell;16;12582912;5;0;;5;0;;31;;;10184;9
1238;81;;1;Spell;46;0;0;0;;0;0;;0;;;0;0
1239;11;;0;Spell;4096;8409088;15;0;;0;0;;40;;;10036;9
1240;2;;0;Spell;1006;41959584;25;0;;1;0;;16;;;10042;9
1241;1;;0;Spell;448;8388608;5;0;;0;0;;28;;;;
1242;2;;0;Spell;2008;36028797564240512;15;5;;0;0;;21;;;10170;9
1243;10;;0;Spell;2680059592704;8404992;10;0;;5;0;;31;;;10023;9
1244;1;;1;Spell;1983;0;0;0;;0;0;;0;;;0;0
1245;117;;1;Spell;2011;8388608;0;0;;0;0;;0;;;;
1246;11;;0;Spell;2048;8388608;0;0;;;;100;22;;;;
1247;99;;0;Spell;999;36028797027356672;25;0;;1;0;;45;;;10121;9
1248;1;;1;Spell;924;0;0;0;;0;0;;0;;;0;0
1249;28;;0;Spell;999;8409232;20;0;;0;0;;41;;;10171;9
1250;10;;0;Spell;2;549994496;10;0;;5;0;;31;;;10001;9
1251;10;;0;Spell;274877906944;140737500954624;0;0;;;;100;31;;;10023;9
1252;23;;0;Spell;2048;8404992;0;0;;0;0;;31;;;10122;9
1253;81;;0;Spell;77;0;0;0;;0;0;;31;;;0;0
1254;10;;0;Spell;2147483648;8404992;0;0;;10;0;;31;;;10023;9
1255;23;;0;Spell;134217728;16384;0;0;;0;0;;16;;;10034;9
1256;38;;1;Spell;297;276824064;0;0;;0;0;;0;;;0;0
1257;23;;0;Spell;65536;12582912;1;0;;;;100;23;;;10009;9
1258;2;;0;Spell;999;25165824;25;0;;3;0;;45;;;10121;9
1259;609;;0;Spell;299;41959424;20;0;;0;2;;21;;;10134;9
1260;81;;1;Spell;28;8388608;0;0;;0;0;;0;;;0;0
1261;10;;0;Spell;65536;12582912;10;0;;25;0;;31;;;10185;9
1262;82;;1;Spell;69;8388608;0;0;;0;0;;0;;;0;0
1263;11;;0;Spell;2;8650752;0;0;;;;100;23;;;;
1264;2;;0;Spell;3;10485888;0;0;;;;100;31;;;10122;9
1265;54;;0;Spell;2222;546197504;20;0;;0;0;;29;10081;0;10001;9
1266;1;;0;Spell;-9;0;0;0;;0;0;;44;;;0;0
1267;44;;1;Spell;1;545783808;0;0;;0;0;;0;;;0;0
1268;10;;0;Spell;16;12582912;5;0;;;;100;31;;;10184;9
1269;11;;0;Spell;512;16416;25;0;;10;0;;16;;;;
1270;10;;0;Spell;4096;12582912;0;0;;;;100;31;;;10003;9
1271;81;;1;Spell;53;8388608;0;0;;0;0;;0;;;0;0
1272;10;;0;Spell;262144;8404992;15;0;;7;1;;31;;;10025;5
1273;10;;0;Spell;1024;12582912;0;0;;;;100;0;;;10005;9
1274;63;;1;Spell;14;8388608;0;0;;0;0;;0;;;;
1275;70;;1;Spell;-25125;276824064;0;0;;0;0;;0;;;0;0
1276;10;;0;Spell;2048;12582912;0;0;;;;100;31;;;10003;9
1277;10;;0;Spell;2;549978112;0;0;;;;100;47;;;10001;9
1278;2;;0;Spell;999;36028797027373184;25;0;;0;0;;40;;;10186;9
1279;23;;0;Spell;17179869184;536887296;0;0;;;;100;45;;;10168;9
1280;54;;0;Spell;549;546197504;20;0;;4;2;;29;10081;0;10001;9
1281;10;;0;Spell;268436480;12582912;0;0;;;;100;47;;;10187;9
1282;10;;0;Spell;335544320;12582912;0;0;;;;100;47;;;10188;9
1283;28;;0;Spell;999;25428112;0;0;;;;100;47;;;165;3
1284;25;;1;Spell;0;8388608;0;0;;0;0;;0;;;0;0
1285;81;;1;Spell;56;8388608;0;0;;0;0;;0;;;0;0
1286;11;;0;Spell;4294967296;8671232;0;0;;;;100;31;;;10041;9
1287;11;;0;Spell;64;8404992;15;0;;1;0;;0;;;10189;9
1288;68;;1;Spell;403;8388608;0;0;;0;0;;0;;;0;0
1289;1;;1;Spell;1064;8388608;0;0;;0;0;;0;;;0;0
1290;1;;1;Spell;2185;0;0;0;;0;0;;0;;;0;0
1291;11;;0;Spell;2;8404992;50;0;;0;0;;23;;;10200;9
1292;21;;1;Spell;434;8388608;0;0;;0;0;;0;;;0;0
1293;1;;1;Spell;2225;0;0;0;;0;0;;0;;;0;0
1294;23;;0;Spell;8192;16384;0;0;;0;0;;0;;;10246;9
1295;23;;0;Spell;524288;41959424;0;0;;0;0;;0;;;10025;9
1296;1;;1;Spell;2135;0;0;0;;0;0;;0;;;0;0
1297;1;;1;Spell;676;8388608;0;0;;0;0;;0;;;0;0
1298;1;;1;Spell;2226;0;0;0;;0;0;;0;;;0;0
1299;1;;1;Spell;284;0;0;0;;0;0;;0;;;0;0
1300;1;;1;Spell;403;0;0;0;;0;0;;0;;;0;0
1301;23;;0;Spell;262144;16384;0;0;;0;0;;16;;;10034;9
1302;1;;0;Spell;597;0;1;0;;0;0;;16;;;0;0
1303;1;;1;Spell;524;0;0;0;;0;0;;0;;;0;0
1304;1;;0;Spell;570;0;1;0;;0;0;;52;;;0;0
1305;37;;1;Spell;517;0;0;0;;0;0;;0;;;0;0
1306;1;;1;Spell;1412;0;0;0;;0;0;;0;;;0;0
1307;1;;0;Spell;411;8388608;1;0;;0;0;;31;;;0;0
1308;1;;1;Spell;438;41943040;0;0;;0;0;;0;;;0;0
1309;1;;1;Spell;2231;0;0;0;;0;0;;0;;;0;0
1310;23;;0;Spell;4096;8404992;0;0;;0;0;;45;;;10192;9
1311;1;;0;Spell;496;8388608;1;0;;0;0;;45;;;0;0
1312;23;;0;Spell;128;8404992;0;0;;0;0;;41;;;10190;9
1313;48;;1;Spell;5;276824064;0;0;;0;0;;0;;;;
1314;1;;1;Spell;533;8388608;0;0;;0;0;;0;;;0;0
1315;21;;1;Spell;185;8388608;0;0;;0;0;;0;;;0;0
1316;1;;1;Spell;694;0;0;0;;0;0;;0;;;0;0
1317;1;;1;Spell;628;0;0;0;;0;0;;0;;;0;0
1318;1;;1;Spell;1140;0;0;0;;0;0;;0;;;0;0
1319;1;;1;Spell;578;0;0;0;;0;0;;0;;;0;0
1320;1;;1;Spell;361;0;0;0;;0;0;;0;;;0;0
1321;37;;1;Spell;284;0;0;0;;0;0;;0;;;0;0
1322;1;;1;Spell;1063;41943040;0;0;;0;0;;0;;;0;0
1323;1;;1;Spell;523;0;0;0;;0;0;;0;;;0;0
1324;1;;1;Spell;520;0;0;0;;0;0;;0;;;0;0
1325;1;;1;Spell;2131;0;0;0;;0;0;;0;;;0;0
1326;43;;0;Spell;815;41943040;0;0;;0;0;;0;;;0;0
1327;48;;1;Spell;2;8388608;0;0;;0;0;;0;;;;
1328;1;;1;Spell;579;0;0;0;;0;0;;0;;;0;0
1329;1;;1;Spell;565;41943040;0;0;;0;0;;0;;;0;0
1330;1;;1;Spell;522;0;0;0;;0;0;;0;;;0;0
1331;81;;0;Spell;40;8404992;0;0;;0;0;;41;;;10191;9
1332;1;;1;Spell;442;8388608;0;0;;0;0;;0;;;0;0
1333;31;;0;Spell;393;8388608;0;0;;0;0;;0;;;0;0
1334;7;;0;Spell;50;77611136;20;0;;0;0;;23;;;10039;9
1335;1;;1;Spell;362;0;0;0;;0;0;;0;;;0;0
1336;1;;1;Spell;2132;0;0;0;;0;0;;0;;;0;0
1337;1;;1;Spell;2196;0;0;0;;0;0;;0;;;0;0
1338;1;;1;Spell;514;0;0;0;;0;0;;0;;;0;0
1339;23;;0;Spell;1048576;8404992;0;0;;0;0;;29;;;10024;9
1340;43;;0;Spell;527;0;0;0;;0;0;;0;;;0;0
1341;1;;0;Spell;594;0;1;0;;0;0;;16;;;0;0
1342;1;;1;Spell;515;0;0;0;;0;0;;0;;;0;0
1343;1;;0;Spell;567;0;1;0;;0;0;;52;;;0;0
1344;1;;1;Spell;513;0;0;0;;0;0;;0;;;0;0
1345;49;;1;Spell;100;0;0;0;;0;0;;0;;;0;0
1346;75;;1;Spell;100;0;0;0;;0;0;;0;;;0;0
1347;21;;1;Spell;620;0;0;0;;0;0;;0;;;0;0
1348;48;;1;Spell;51;310378496;0;0;;0;0;;0;;;;
1349;1;;0;Spell;408;8388608;1;0;;0;0;;31;;;0;0
1350;1;;1;Spell;564;8388608;0;0;;0;0;;0;;;0;0
1351;1;;1;Spell;511;0;0;0;;0;0;;0;;;0;0
1352;21;;1;Spell;1226;8388608;0;0;;0;0;;0;;;0;0
1353;1;;1;Spell;1227;8388608;0;0;;0;0;;0;;;0;0
1354;1;;0;Spell;493;8388608;1;0;;0;0;;45;;;0;0
1355;1;;1;Spell;512;0;0;0;;0;0;;0;;;0;0
1356;1;;1;Spell;518;0;0;0;;0;0;;0;;;0;0
1357;1;;1;Spell;674;8388608;0;0;;0;0;;0;;;0;0
1358;3;;0;Spell;2023;8404992;20;0;;0;0;;0;;;165;3
1359;43;;0;Spell;528;0;0;0;;0;0;;0;;;0;0
1360;21;;1;Spell;998;8388608;0;0;;0;0;;0;;;0;0
1361;115;;1;Spell;999;276824064;0;0;;0;0;;0;;;;
1362;81;;0;Spell;88;0;0;0;;0;0;;26;;;;
1363;1;;1;Spell;932;0;0;0;;0;0;;0;;;0;0
1364;1;;1;Spell;2219;0;0;0;;0;0;;0;;;0;0
1365;21;;1;Spell;559;0;0;0;;0;0;;0;;;0;0
1366;98;;1;Spell;0;0;0;0;;0;0;;0;;;0;0
1367;1;;1;Spell;2130;0;0;0;;0;0;;0;;;0;0
1368;1;;1;Spell;814;0;0;0;;0;0;;0;;;0;0
1369;1;;1;Spell;1381;0;0;0;;0;0;;0;;;0;0
1370;81;;0;Spell;78;41943040;1;0;;0;0;;29;;;0;0
1371;21;;1;Spell;580;8388608;0;0;;0;0;;0;;;0;0
1372;21;;1;Spell;1477;8388608;0;0;;0;0;;0;;;0;0
1373;1;;1;Spell;2230;0;0;0;;0;0;;0;;;0;0
1374;21;;1;Spell;519;0;0;0;;0;0;;0;;;0;0
1375;48;;1;Spell;55;276824064;0;0;;0;0;;0;;;;
1376;21;;1;Spell;737;8388608;0;0;;0;0;;0;;;0;0
1377;21;;1;Spell;329;8388608;0;0;;0;0;;0;;;0;0
1378;1;;1;Spell;566;8388608;0;0;;0;0;;0;;;0;0
1379;21;;1;Spell;2220;0;0;0;;0;0;;0;;;0;0
1380;1;;1;Spell;2229;0;0;0;;0;0;;0;;;0;0
1381;1;;0;Spell;592;0;1;0;;0;0;;29;;;0;0
1382;1;;1;Spell;394;0;0;0;;0;0;;0;;;0;0
1383;42;;1;Spell;8;0;0;0;;0;0;;0;;;0;0
1384;21;;1;Spell;609;0;0;0;;0;0;;0;;;0;0
1385;1;;0;Spell;596;0;1;0;;0;0;;16;;;0;0
1386;1;;0;Spell;569;0;1;0;;0;0;;52;;;0;0
1387;1;;1;Spell;1234;41943040;0;0;;0;0;;0;;;0;0
1388;1;;0;Spell;410;8388608;1;0;;0;0;;31;;;0;0
1389;1;;1;Spell;1290;0;0;0;;0;0;;0;;;0;0
1390;1;;0;Spell;495;8388608;1;0;;0;0;;45;;;0;0
1391;21;;1;Spell;439;0;0;0;;0;0;;0;;;0;0
1392;21;;1;Spell;491;8388608;0;0;;0;0;;0;;;0;0
1393;21;;1;Spell;181;8388608;0;0;;0;0;;0;;;0;0
1394;68;;1;Spell;403;0;0;0;;0;0;;0;;;0;0
1395;21;;1;Spell;931;0;0;0;;0;0;;0;;;0;0
1396;63;;1;Spell;16;310378496;0;0;;0;0;;0;;;;
1397;89;;1;Spell;8;0;0;0;;0;0;;0;;;0;0
1398;89;;1;Spell;7;0;0;0;;0;0;;0;;;0;0
1399;89;;1;Spell;6;41943040;0;0;;0;0;;0;;;0;0
1400;81;;1;Spell;52;41943040;0;0;;0;0;;0;;;0;0
1401;50;;1;Spell;493;276824064;0;0;;0;0;;0;;;0;0
1402;89;;1;Spell;4;8388608;0;0;;0;0;;0;;;0;0
1403;62;;1;Spell;392;0;0;0;;0;0;;0;;;0;0
1404;81;;1;Spell;33;8388608;0;0;;0;0;;0;;;0;0
1405;89;;1;Spell;9;0;0;0;;0;0;;0;;;0;0
1406;93;;1;Spell;994;0;0;0;;0;0;;0;;;0;0
1407;23;;1;Spell;1073741824;8388608;0;0;;0;0;;0;;;0;0
1408;11;;0;Spell;64;8650752;15;0;;2;2;;0;;;10189;9
1409;21;;1;Spell;627;0;0;0;;0;0;;0;;;0;0
1410;81;;1;Spell;80;8388608;0;0;;0;0;;0;;;0;0
1411;81;;1;Spell;90;0;0;0;;0;0;;0;;;0;0
1412;1;;1;Spell;2251;0;0;0;;0;0;;0;;;0;0
1413;1;;1;Spell;521;8388608;0;0;;0;0;;0;;;0;0
1414;38;;1;Spell;189;276824064;0;0;;0;0;;0;;;;
1415;1;;1;Spell;533;0;0;0;;0;0;;0;;;0;0
1416;76;;1;Spell;10;0;0;0;;0;0;;0;;;0;0
1417;1;;1;Spell;925;0;0;0;;0;0;;0;;;0;0
1418;81;;1;Spell;75;8388608;0;0;;0;0;;0;;;0;0
1419;81;;1;Spell;24;0;0;0;;0;0;;0;;;0;0
1420;1;;1;Spell;534;0;0;0;;0;0;;0;;;0;0
1421;1;;1;Spell;2321;0;0;0;;0;0;;0;;;0;0
1422;10;;0;Spell;64;12582912;10;0;;25;0;;31;;;10193;9
1423;1;;1;Spell;313;0;0;0;;0;0;;0;;;0;0
1424;1;;1;Spell;982;0;0;0;;0;0;;0;;;0;0
1425;1;;1;Spell;475;0;0;0;;0;0;;0;;;0;0
1426;1;;1;Spell;476;0;0;0;;0;0;;0;;;0;0
1427;1;;1;Spell;314;0;0;0;;0;0;;0;;;0;0
1428;10;;0;Spell;524288;12582912;10;0;;25;0;;31;;;10270;9
1429;81;;1;Spell;20;8388608;0;0;;0;0;;0;;;0;0
1430;1;;1;Spell;532;0;0;0;;0;0;;0;;;0;0
1431;21;;1;Spell;471;8388608;0;0;;0;0;;0;;;0;0
1432;1;;1;Spell;760;0;0;0;;0;0;;0;;;0;0
1433;1;;1;Spell;531;0;0;0;;0;0;;0;;;0;0
1434;81;;1;Spell;51;8388608;0;0;;0;0;;0;;;0;0
1435;1;;1;Spell;781;8388608;0;0;;0;0;;0;;;0;0
1436;21;;1;Spell;1099;8388608;0;0;;0;0;;0;;;0;0
1437;509;;0;Spell;198;8404992;0;0;;0;0;;31;;;10023;9
1438;23;;0;Spell;4;12583040;0;0;;0;0;;31;;;10231;9
1439;509;;0;Spell;199;8404992;0;0;;0;0;;24;;;10028;9
1440;509;;0;Spell;201;8404992;0;0;;0;0;;31;;;10025;9
1441;10;;0;Spell;67108864;8404992;0;0;;0;0;;31;;;10035;9
1442;1;;0;Spell;-2;8388608;5;0;;0;0;;43;;;10232;9
1443;1;;0;Spell;-1;8388608;5;0;;0;0;;43;;;10232;9
1444;1;;1;Spell;-2;8388608;0;0;;0;0;;0;;;0;0
1445;524;;0;Spell;200;8404992;0;0;;0;0;;31;;;10024;9
1446;13;;0;Spell;10020;545259648;1;0;;1;0;;29;;;10004;9
1447;10;;0;Spell;131072;16384;0;0;;0;0;;31;;;10025;5
1448;23;;0;Spell;32;41959424;0;0;;0;0;;31;;;10005;9
1449;10;;0;Spell;8192;8404992;0;0;;0;0;;31;;;10022;9
1450;10;;0;Spell;549755813888;16384;0;0;;0;0;;31;;;10224;9
1451;21;;1;Spell;188;0;0;0;;0;0;;0;;;0;0
1452;23;;0;Spell;4;12583040;10;0;;0;1;;31;;;10231;9
1453;10;;0;Spell;32;545275904;0;0;;0;0;;29;;;10027;5
1454;23;;0;Spell;32768;16384;0;0;;0;0;;16;;;10034;9
1455;10;;0;Spell;131072;16384;5;0;;1;0;;31;;;10025;5
1456;40;;1;Spell;8;8405120;0;0;;0;0;;0;;;0;0
1457;1;;1;Spell;817;8388608;0;0;;0;0;;0;;;0;0
1458;10;;0;Spell;128;12582912;10;0;;25;0;;31;;;10058;9
1459;23;;0;Spell;268435456;8404992;0;0;;0;0;;41;;;10022;9
1460;1;;0;Spell;-2;8388608;5;0;;0;0;;43;;;10232;9
1461;21;;1;Spell;396;0;0;0;;0;0;;0;;;0;0
1462;10;;0;Spell;32;545275904;15;0;;1;0;;31;;;10015;9
1463;13;;0;Spell;10020;545259648;10;0;;1;0;;29;;;10015;9
1464;10;;0;Spell;8388608;4194304;0;0;;;;100;31;;;10051;9
1465;1;;1;Spell;2134;8388608;0;0;;0;0;;0;;;0;0
1466;95;;1;Spell;1;268435456;0;0;;0;0;;0;;;0;0
1467;1;;1;Spell;2159;0;0;0;;0;0;;0;;;0;0
1468;13;;0;Spell;2;549585024;0;0;;;;100;41;;;10237;9
1469;10;;0;Spell;67108864;12582912;0;0;;;;100;41;;;10236;9
1470;1;;0;Spell;-1;8388608;5;0;;0;0;;43;;;10232;9
1471;23;;1;Spell;4194304;545783808;0;0;;0;0;;0;;;0;0
1472;1;;1;Spell;452;0;0;0;;0;0;;0;;;0;0
1473;23;;0;Spell;4;549453952;10;0;;25;0;;31;;;10231;9
1474;10;;0;Spell;16777216;12599296;5;0;;15;0;;31;;;10017;9
1475;10;;0;Spell;1024;12582912;5;0;;15;0;;31;;;10014;9
1476;10;;0;Spell;2048;12599296;5;0;;15;0;;24;;;10015;9
1477;1;;1;Spell;768;8388608;0;0;;0;0;;0;;;0;0
1478;82;;1;Spell;95;0;0;0;;0;0;;0;;;0;0
1479;10;;0;Spell;4096;12582912;5;0;;15;0;;0;;;10230;9
1480;81;;0;Spell;2;41943040;0;0;;0;0;;31;;;10028;9
1481;81;;0;Spell;85;0;0;0;;0;0;;31;;;10028;9
1482;1;;1;Spell;2368;8388608;0;0;;0;0;;0;;;0;0
1483;23;;1;Spell;8388608;8388608;0;0;;0;0;;0;;;0;0
1484;30;;1;Spell;1;8388608;0;0;;0;0;;0;;;;
1485;81;;1;Spell;15;8388608;0;0;;0;0;;0;0;0;0;0
1486;1;;1;Spell;189;0;0;0;;0;0;;0;0;0;0;0
1487;1;;0;Spell;-2;8388608;5;0;;0;0;;43;;;10232;9
1488;79;;1;Spell;1;0;0;0;;0;0;;41;0;0;0;0
1489;81;;1;Spell;30;8388608;0;0;;0;0;;0;0;0;0;0
1490;81;;0;Spell;45;8388608;0;0;;0;0;;18;;;10039;9
1491;81;;1;Spell;17;0;0;0;;0;0;;0;;;0;0
1492;81;;0;Spell;6;0;0;0;;0;0;;16;;;10034;9
1493;82;;1;Spell;73;0;0;0;;0;0;;0;;;;
1494;10;;0;Spell;8;4194304;0;0;;;;100;31;;;10224;9
1495;84;;1;Spell;61;0;0;0;;0;0;;0;;;;
1496;23;;0;Spell;32;41959424;0;0;;25;0;;31;;;10005;9
1497;81;;0;Spell;9;8388608;0;0;;0;0;;0;;;10028;9
1498;82;;1;Spell;62;8388608;0;0;;0;0;;0;;;;
1499;100;;1;Spell;1;0;0;0;;0;0;;0;;;0;0
1500;81;;1;Spell;35;8388608;0;0;;0;0;;0;;;0;0
1501;1;;1;Spell;474;8388608;0;0;;0;0;;0;;;0;0
1502;100;;1;Spell;2;0;0;0;;0;0;;0;;;0;0
1503;2;;0;Spell;999;8409104;20;0;;0;0;;41;;;10233;9
1504;82;;1;Spell;64;8388608;0;0;;0;0;;0;;;;
1505;81;;0;Spell;4;8388608;0;0;;0;0;;0;;;10040;9
1506;1;;1;Spell;535;0;0;0;;0;0;;0;;;0;0
1507;1;;1;Spell;1388;0;0;0;;0;0;;0;;;0;0
1508;81;;0;Spell;84;8388608;0;0;;;;100;31;;;10047;9
1509;82;;1;Spell;60;0;0;0;;0;0;;0;;;;
1510;10;;0;Spell;131072;4194304;0;0;;;;100;31;;;10005;9
1511;81;;1;Spell;43;8388608;0;0;;0;0;;0;;;0;0
1512;81;;1;Spell;48;0;0;0;;0;0;;0;;;0;0
1513;81;;0;Spell;21;0;0;0;;0;0;;41;;;55;5
1514;81;;1;Spell;54;0;0;0;;0;0;;0;;;0;0
1515;37;;1;Spell;-1;8388608;0;0;;0;0;;0;;;0;0
1516;10;;0;Spell;2097152;12713984;0;0;;;;100;31;;;39;5
1517;26;;1;Spell;398;0;0;0;;0;0;;0;;;0;0
1518;1;;1;Spell;1235;41943040;0;0;;0;0;;0;;;0;0
1519;10;;0;Spell;16777216;12582912;0;0;;;;100;31;;;10004;9
1520;114;;1;Spell;11;0;0;0;;0;0;;0;;;0;0
1521;84;;1;Spell;66;8388608;0;0;;0;0;;0;;;;
1522;10;;0;Spell;1024;12582912;0;0;;;;100;31;;;10003;9
1523;10;;0;Spell;4096;12582912;0;0;;;;100;0;;;10005;9
1524;10;;0;Spell;2048;12582912;0;0;;;;100;24;;;10008;9
1525;81;;0;Spell;71;0;0;0;;0;0;;42;;;10001;9
1526;81;;1;Spell;18;8388608;0;0;;0;0;;0;;;0;0
1527;21;;1;Spell;178;0;0;0;;0;0;;0;;;0;0
1528;11;;0;Spell;256;8392720;0;0;;;;100;32;;;;
1529;10;;0;Spell;32;549453824;0;0;;;;100;31;;;10027;9
1530;81;;1;Spell;55;0;0;0;;0;0;;0;;;0;0
1531;81;;1;Spell;59;8388608;0;0;;0;0;;0;;;0;0
1532;81;;0;Spell;83;8388608;0;0;;0;0;;42;;;10005;9
1533;81;;1;Spell;19;8388608;0;0;;0;0;;0;;;0;0
1534;81;;0;Spell;96;8388608;0;0;;0;0;;43;;;10005;9
1535;37;;1;Spell;-2;276824064;0;0;;0;0;;0;;;0;0
1536;10;;0;Spell;16784384;12599296;0;0;;;;100;31;;;10266;9
1537;81;;1;Spell;27;8388608;0;0;;0;0;;0;;;0;0
1538;500;;0;Spell;250;537399424;25;0;;1;0;;23;;;10196;9
1539;2;;0;Spell;1015;549764202497;50;0;;0;0;;41;;;10195;9
1540;20;;0;Spell;30;8404992;0;0;;0;0;;31;0;0;10277;5
1541;10;;0;Spell;536870912;8404992;0;0;;0;0;;31;;;10274;5
1542;10;;0;Spell;1073741824;8404992;0;0;;0;0;;31;;;10273;5
1543;600;;0;Spell;261;8536064;50;0;;0;0;;28;;;10201;9
1544;2;;0;Spell;2020;75497600;25;0;;1;0;;84;;;10209;9
1545;11;;0;Spell;256;8392704;20;0;;0;0;;23;339;3;10197;9
1546;4;;0;Spell;6;8388736;50;0;;1;0;;22;;;10198;9
1547;11;;0;Spell;68719476736;8540288;5;0;;0;0;;0;;;10207;9
1548;11;;0;Spell;1;545796096;20;0;;1;0;;42;;;10199;9
1549;11;;0;Spell;2;8404992;50;0;;0;0;;23;;;10200;9
1550;11;;0;Spell;65536;16416;15;0;;0;0;;0;;;10202;9
1551;3;;0;Spell;5035;537481344;25;0;;0;0;;52;;;10265;5
1552;85;;1;Spell;36;268435456;0;0;;0;0;;0;;;;
1553;15;;0;Spell;1;12599424;0;0;;0;0;;31;;;10021;9
1554;2;;0;Spell;1010;8540288;100;0;;0;0;;41;;;10204;9
1555;10;;0;Spell;256;140738037940352;1;0;;1;0;;31;;;10017;9
1556;3;;0;Spell;5100;545935488;30;0;;0;0;;29;;;10016;9
1557;11;;0;Spell;128;8540160;25;0;;0;0;;0;;;10023;9
1558;48;;1;Spell;0;268435456;0;0;;0;0;;0;;;;
1559;2;;0;Spell;3005;537464960;25;0;;1;0;;0;;;10125;9
1560;10;;0;Spell;67108864;8536064;20;0;;1;0;;31;;;10011;7
1561;85;;1;Spell;36;276824064;0;0;;0;0;;0;;;;
1562;19;;1;Spell;1;276824064;0;0;;0;0;;41;;;0;0
1563;48;;1;Spell;6;276824064;0;0;;0;0;;0;;;;
1564;4;;0;Spell;3;8650880;25;0;;1;2;;22;;;10150;9
1565;11;;0;Spell;65536;16416;25;0;;0;1;;0;;;10203;9
1566;48;;1;Spell;1;0;0;0;;0;0;;0;;;;
1567;500;;0;Spell;250;537399424;25;0;;5;0;;23;;;10196;9
1568;48;;1;Spell;3;276824064;0;0;;0;0;;0;;;;
1569;66;;0;Spell;9042;8540288;100;0;;0;0;;41;;;10205;9
1570;53;;1;Spell;999;277483520;0;0;;0;0;;0;;;0;0
1571;4;;0;Spell;5;8388736;25;0;;2;1;;22;;;10140;9
1572;10;;0;Spell;256;140738037940352;15;0;;1;0;;31;;;10017;9
1573;10;;0;Spell;256;281474989293696;15;0;;1;1;;31;;;10017;9
1574;11;;0;Spell;17179869184;281474985119744;25;0;;1;0;;0;;;10207;9
1575;39;;1;Spell;1;8519680;0;0;;0;0;;0;;;0;0
1576;42;;1;Spell;2;276824064;0;0;;0;0;;0;;;0;0
1577;11;;0;Spell;17179869184;8540160;25;0;;1;0;;0;;;10207;9
1578;2;;0;Spell;999;8540160;100;0;;0;0;;41;;;10206;9
1579;21;;1;Spell;473;8388608;0;0;;0;0;;0;;;0;0
1580;80;;1;Spell;1;276824064;0;0;;0;0;;41;;;0;0
1581;2;2;0;Spell;8;4160;25;0;;0;1;;16;;;10257;9
1582;81;;1;Spell;29;8388608;0;0;;0;0;;0;;;0;0
1583;28;;0;Spell;999;75763840;20;0;;1;0;;22;;;10042;9
1584;29;;0;Spell;999;281474985119744;15;0;;0;0;;41;;;10171;9
1585;81;;0;Spell;92;0;1;0;;0;0;;23;;;0;0
1586;81;;0;Spell;13;8388608;0;0;;0;0;;31;;;10024;9
1587;86;;1;Spell;72;276824064;0;0;;0;0;;0;;;0;0
1588;28;;0;Spell;999;8540288;100;0;;0;0;;41;;;10208;9
1589;92;;1;Spell;2052;276824064;0;0;;0;0;;0;;;;
1590;2;;0;Spell;2010;75497600;25;0;;0;2;;84;;;10209;9
1591;64;;1;Spell;1;814223360;0;0;;0;0;;0;;;;
1592;81;;1;Spell;10;0;0;0;;0;0;;0;;;;
1593;94;;1;Spell;999;8392704;0;0;;0;0;;0;;;0;0
1594;81;;1;Spell;26;0;0;0;;0;0;;0;;;0;0
1595;81;;1;Spell;32;0;0;0;;0;0;;0;;;0;0
1596;81;;1;Spell;93;8388608;0;0;;0;0;;0;;;0;0
1597;39;;1;Spell;1;8388608;0;0;;0;0;;0;;;0;0
1598;15;;0;Spell;1;12583040;0;0;;;;100;41;;;10210;9
1599;11;;0;Spell;8;545787904;20;0;;1;0;;0;;;10211;9
1600;29;;0;Spell;999;8540288;20;0;;0;0;;0;;;10213;9
1601;11;;0;Spell;128;537538560;25;0;;5;0;;0;;;10023;9
1602;81;;1;Spell;49;0;0;0;;0;0;;0;;;0;0
1603;81;;1;Spell;50;41943040;0;0;;0;0;;0;;;0;0
1604;81;;0;Spell;5;8519680;0;0;;0;0;;47;;;10022;9
1605;90;;1;Spell;1;276824064;0;0;;0;0;;41;;;0;0
1606;42;;1;Spell;1;276824064;0;0;;0;0;;0;;;0;0
1607;21;;1;Spell;2217;0;0;0;;0;0;;0;;;0;0
1608;28;;0;Spell;999;281475002138752;0;0;;;;100;47;;;165;3
1609;77;;1;Spell;1;276824064;0;0;;0;0;;41;;;0;0
1610;28;;0;Spell;999;25559168;0;0;;;;100;47;;;227;5
1611;28;;0;Spell;999;92536960;0;0;;;;100;47;;;165;3
1612;2;;0;Spell;1010;537411712;30;0;;1;0;;32;;;10118;9
1613;13;;0;Spell;50;537411712;0;0;;0;0;;32;;;10172;9
1614;10;;0;Spell;536870912;16384;0;0;;0;0;;32;;;10172;9
1615;10;;0;Spell;1073741824;16384;0;0;;0;0;;32;;;10172;9
1616;8;;0;Spell;200;16512;0;0;;0;0;;32;;;10172;9
1617;21;;1;Spell;2287;0;0;0;;0;0;;0;;;0;0
1618;1;;0;Spell;303;0;1;0;;0;0;;32;;;;
1619;1;;1;Spell;2286;0;0;0;;0;0;;0;;;0;0
1620;2;;0;Spell;1010;545804416;20;0;;0;0;;16;;;10255;9
1621;48;;1;Spell;7;268435456;0;0;;0;0;;0;;;;
1622;2;;0;Spell;1;537399424;35;0;;0;2;;32;;;10043;9
1623;2;;0;Spell;999;544776;25;0;;0;0;;41;;;222;5
1624;1;;1;Spell;638;0;0;0;;0;0;;0;;;0;0
1625;1;;1;Spell;88;0;1;0;;0;0;;0;;;;
1626;1;;1;Spell;433;0;0;0;;0;0;;0;;;0;0
1627;23;;0;Spell;131072;16384;0;0;;0;0;;16;;;10172;9
1628;103;;0;Spell;1014;545259648;1;0;;0;0;;18;;;10172;9
1629;10;;0;Spell;512;16384;0;0;;0;0;;32;;;10172;9
1630;82;;1;Spell;89;0;0;0;;0;0;;0;;;;
1631;1;;1;Spell;304;0;0;0;;0;0;;0;;;0;0
1632;1;;1;Spell;449;0;0;0;;0;0;;0;;;0;0
1633;35;;1;Spell;1;0;0;0;;0;0;;0;;;0;0
1634;118;;1;Spell;50;536870912;0;0;;0;0;;0;;;0;0
1635;1;;1;Spell;526;0;0;0;;0;0;;0;;;0;0
1636;10;;0;Spell;128;4718600;0;0;;;;100;32;;;10173;9
1637;2;;0;Spell;1008;96;20;5;;3;0;;16;;;10176;9
1638;1;;1;Spell;632;0;0;0;;0;0;;0;;;;
1639;1;;1;Spell;489;0;0;0;;0;0;;0;;;;
1640;31;;0;Spell;-6;0;5;0;;0;0;;28;;;;
1641;42;;1;Spell;6;0;0;0;;0;0;;0;;;0;0
1642;82;;1;Spell;94;0;0;0;;0;0;;0;;;0;0
1643;29;;0;Spell;999;151680;30;0;;0;0;;32;;;10172;9
1644;37;;1;Spell;303;0;0;0;;0;0;;0;;;0;0
1645;103;;0;Spell;1;537399424;0;0;;;;100;18;;;10174;9
1646;21;;1;Spell;811;0;0;0;;0;0;;0;;;;
1647;42;;1;Spell;14;0;0;0;;0;0;;0;;;0;0
1648;1;;1;Spell;330;0;0;0;;0;0;;0;;;0;0
1649;38;;1;Spell;-6;268435456;0;0;;0;0;;0;;;;
1650;1;;0;Spell;2280;0;1;0;;0;0;;45;;;0;0
1651;2;;0;Spell;1000;536875136;50;0;;0;2;;32;;;10118;9
1652;101;;1;Spell;-10;545783808;0;0;;0;0;;0;;;55;5
1653;50;;1;Spell;1662;8388608;0;0;;0;0;;0;;;0;0
1654;1;;1;Spell;88;1125899906842624;0;0;;0;0;;0;;;;
1655;89;;1;Spell;1;0;0;0;;0;0;;0;;;;
1656;31;;0;Spell;-7;0;5;0;;0;0;;28;;;10276;5
1657;103;;0;Spell;1024;536871040;25;0;;1;0;;18;;;10165;9
1658;81;;0;Spell;68;0;0;0;;0;0;;22;;;;
1659;89;;1;Spell;2;0;0;0;;0;0;;0;;;;
1660;89;;1;Spell;5;0;0;0;;0;0;;0;;;0;0
1661;21;;1;Spell;404;0;0;0;;0;0;;0;;;;
1662;1;;1;Spell;405;0;1;0;;0;0;;0;;;;
1663;42;;1;Spell;12;268435456;0;0;;0;0;;0;;;0;0
1664;82;;1;Spell;67;0;0;0;;0;0;;0;;;;
1665;81;;1;Spell;57;0;0;0;;0;0;;0;;;0;0
1666;10;;0;Spell;16777216;4194304;0;0;;;;100;31;;;10004;9
1667;10;;0;Spell;128;4194304;0;0;;;;100;32;;;10003;9
1668;2;;0;Spell;5025;536887424;100;0;;0;0;;41;;;10165;9
1669;89;;1;Spell;3;0;0;0;;0;0;;0;;;;
1670;63;;1;Spell;5;0;0;0;;0;0;;0;;;;
1671;81;;1;Spell;87;0;0;0;;0;0;;0;;;0;0
1672;35;;1;Spell;1;0;0;0;;0;0;;0;;;0;0
1673;38;;1;Spell;-7;268435456;0;0;;0;0;;0;;;;
1674;500;;0;Spell;202;16384;0;0;;0;0;;32;;;10216;9
1675;1;;1;Spell;88;0;0;0;;0;0;;0;;;0;0
1676;81;;1;Spell;42;0;0;0;;0;0;;0;;;0;0
1677;89;;1;Spell;10;0;0;0;;0;0;;0;;;60;6
1678;108;;0;Spell;-12;16512;30;0;;0;0;;32;;;10252;9
1679;1;;1;Spell;304;0;0;0;;0;0;;0;;;0;0
1680;1;;1;Spell;632;0;0;0;;0;0;;0;;;0;0
1681;108;;0;Spell;-13;16512;30;0;;0;0;;32;;;10253;9
1682;1;;1;Spell;449;0;0;0;;0;0;;0;;;0;0
1683;1;;1;Spell;489;0;0;0;;0;0;;0;;;0;0
1684;102;;1;Spell;9;268435456;0;0;;0;0;;0;;;;
1685;1;;1;Spell;2497;8388608;0;0;;0;0;;0;;;0;0
1686;1;;1;Spell;2497;8388608;0;0;;0;0;;0;;;0;0
1687;1;;1;Spell;1490;8388608;0;0;;0;0;;0;;;0;0
1688;21;;1;Spell;2527;8388608;0;0;;0;0;;0;;;0;0
1689;1;;1;Spell;1496;8388608;0;0;;0;0;;0;;;0;0
1690;1;;1;Spell;1501;0;0;0;;0;0;;0;;;0;0
1691;1;;1;Spell;2526;0;0;0;;0;0;;0;;;0;0
1692;1;;1;Spell;2512;0;0;0;;0;0;;0;;;0;0
1693;1;;1;Spell;2514;0;0;0;;0;0;;0;;;0;0
1694;1;;0;Spell;2515;8388608;1;0;;0;0;;31;;;0;0
1695;1;;1;Spell;2515;8388608;1;0;;0;0;;0;;;0;0
1696;1;;1;Spell;2520;0;0;0;;0;0;;0;;;0;0
1697;100;;1;Spell;3;0;0;0;;0;0;;0;;;0;0
1698;21;;1;Spell;2626;0;0;0;;0;0;;0;;;0;0
1699;66;;0;Spell;5010;8540288;25;0;;0;0;;41;;;10205;9
1700;21;;1;Spell;2637;0;0;0;;0;0;;0;;;;
1701;21;;1;Spell;-16;0;0;0;;0;0;;0;;;0;0
1702;21;;1;Spell;2563;0;0;0;;0;0;;0;;;0;0
1703;1;;1;Spell;2630;0;0;0;;0;0;;0;;;0;0
1704;21;;1;Spell;2631;0;0;0;;0;0;;0;;;;
1705;21;;1;Spell;-17;0;0;0;;0;0;;0;;;0;0
1706;89;;1;Spell;16;0;0;0;;0;0;;0;;;0;0
1707;42;;1;Spell;15;0;0;0;;0;0;;0;;;0;0
1708;1;;1;Spell;2074;0;0;0;;0;0;;0;;;0;0
1709;85;;1;Spell;99;276824064;0;0;;0;0;;0;;;0;0
1710;11;;0;Spell;1;4224;0;0;;1;0;;0;;;;
1711;11;;0;Spell;1;4224;0;0;;1;0;;0;;;;
1712;11;;0;Spell;1;4224;0;0;;1;0;;0;;;;
1713;82;;1;Spell;100;0;0;0;;0;0;;0;;;0;0
1714;85;;1;Spell;36;268435456;0;0;;0;0;;0;;;;
1715;1;;1;Spell;2694;0;0;0;;0;0;;0;;;0;0
1716;1;;1;Spell;2697;0;0;0;;0;0;;0;;;0;0
1717;1;;1;Spell;2700;0;0;0;;0;0;;0;;;0;0
1718;11;;0;Spell;1;4224;0;0;;1;0;;0;;;;
1719;11;;0;Spell;1;4224;0;0;;1;0;;0;;;;
1720;11;;0;Spell;1;4224;0;0;;1;0;;0;;;;
1721;81;;1;Spell;101;0;0;0;;0;0;;0;;;;
1722;1;;1;Spell;2690;0;0;0;;0;0;;0;;;0;0
1723;11;;0;Spell;8192;537411712;25;0;;0;0;;52;;;10200;9
1724;11;;0;Spell;262144;2113664;25;0;;0;0;;52;;;10200;9
1725;3;;0;Spell;5015;537477248;25;0;;0;0;;52;;;10200;9
1726;11;;0;Spell;2;2113664;25;0;;0;0;;23;;;10200;9
1727;10;;0;Spell;32;545800192;15;0;;0;0;;31;;;10015;9
1728;10;;0;Spell;137438953472;10502144;15;0;;0;0;;31;;;10015;9
1729;23;;0;Spell;68719476736;545865728;15;0;;0;0;;31;;;10015;9
1730;10;;0;Spell;2;10485760;15;0;;0;0;;31;;;10001;9
1731;89;;1;Spell;17;0;0;0;;0;0;;0;;;0;0
1732;89;;1;Spell;18;0;0;0;;0;0;;0;;;0;0
1733;37;;1;Spell;2794;0;0;0;;0;0;;0;;;0;0
1734;21;;1;Spell;2845;8388608;0;0;;0;0;;0;;;0;0
1735;21;;1;Spell;2846;8388608;0;0;;0;0;;0;;;0;0
1736;21;;1;Spell;2874;8388608;0;0;;0;0;;0;;;0;0
1737;1;;1;Spell;2854;41943040;0;0;;0;0;;0;;;0;0
1738;21;;1;Spell;1040;41943040;0;0;;0;0;;0;;;0;0
1739;21;;1;Spell;2834;8388608;0;0;;0;0;;0;;;0;0
1740;21;;1;Spell;2836;8388608;0;0;;0;0;;0;;;0;0
